year,ranking,title,releaseDate,releaseYear,releaseMonth,distributor,genre,gross,ticketsSold
2016,1,Finding Dory,2016-06-17,2016,6,Walt Disney,Adventure,672380914,56219140
2016,2,Rogue One: A Star Wars Story,2016-12-16,2016,12,Walt Disney,Adventure,564450956,47194896
2016,3,Captain America: Civil War,2016-05-06,2016,5,Walt Disney,Action,564241481,47177381
2016,4,The Secret Life of Pets,2016-07-08,2016,7,Universal,Adventure,509349894,42587784
2016,5,The Jungle Book,2016-04-15,2016,4,Walt Disney,Adventure,503289414,42081055
2016,6,Deadpool,2016-02-12,2016,2,20th Century Fox,Action,502002969,41973492
2016,7,Zootopia,2016-03-04,2016,3,Walt Disney,Adventure,471857601,39452977
2016,8,Batman v Superman: Dawn of Ju…,2016-03-25,2016,3,Warner Bros.,Action,456775482,38191930
2016,9,Suicide Squad,2016-08-05,2016,8,Warner Bros.,Action,449502502,37583821
2016,10,Star Wars Ep. VII: The Force …,2015-12-18,2015,12,Walt Disney,Adventure,393636032,32912712
2016,11,Doctor Strange,2016-11-04,2016,11,Walt Disney,Action,317840577,26575299
2016,12,Fantastic Beasts and Where to…,2016-11-18,2016,11,Warner Bros.,Adventure,307884376,25742841
2016,13,Moana,2016-11-23,2016,11,Walt Disney,Musical,285487935,23870229
2016,14,The Revenant,2015-12-25,2015,12,20th Century Fox,Adventure,252702183,21128945
2016,15,Jason Bourne,2016-07-29,2016,7,Universal,Action,224257494,18750627
2016,16,Star Trek Beyond,2016-07-22,2016,7,Paramount Pictures,Adventure,219633081,18363970
2016,17,X-Men: Apocalypse,2016-05-27,2016,5,20th Century Fox,Action,214923950,17970230
2016,18,Sing,2016-12-21,2016,12,Universal,Musical,211344946,17670982
2016,19,Trolls,2016-11-04,2016,11,20th Century Fox,Adventure,207578993,17356103
2016,20,Kung Fu Panda 3,2016-01-29,2016,1,20th Century Fox,Adventure,198451131,16592904
2016,21,Ghostbusters,2016-07-15,2016,7,Sony Pictures,Comedy,177465071,14838217
2016,22,Central Intelligence,2016-06-17,2016,6,Warner Bros.,Comedy,176207262,14733049
2016,23,The Legend of Tarzan,2016-07-01,2016,7,Warner Bros.,Adventure,175104163,14640816
2016,24,Sully,2016-09-09,2016,9,Warner Bros.,Drama,172799649,14448131
2016,25,Bad Moms,2016-07-29,2016,7,STX Entertainment,Comedy,156596216,13093329
2016,26,The Angry Birds Movie,2016-05-20,2016,5,Sony Pictures,Adventure,148648788,12428828
2016,27,Independence Day: Resurgence,2016-06-24,2016,6,20th Century Fox,Action,142613371,11924195
2016,28,The Conjuring 2: The Enfield …,2016-06-10,2016,6,Warner Bros.,Horror,141681075,11846244
2016,29,Sausage Party,2016-08-12,2016,8,Sony Pictures,Comedy,135044796,11291371
2016,30,The Magnificent Seven,2016-09-23,2016,9,Sony Pictures,Western,129168350,10800029
2016,31,Arrival,2016-11-11,2016,11,Paramount Pictures,Drama,126756780,10598393
2016,32,Ride Along 2,2016-01-15,2016,1,Universal,Comedy,125632106,10504357
2016,33,Don’t Breathe,2016-08-26,2016,8,Sony Pictures,Horror,123357894,10314205
2016,34,Miss Peregrine’s Home for Pec…,2016-09-30,2016,9,20th Century Fox,Adventure,120215473,10051461
2016,35,The Accountant,2016-10-14,2016,10,Warner Bros.,Thriller/Suspense,118710530,9925630
2016,36,Daddy’s Home,2015-12-25,2015,12,Paramount Pictures,Comedy,118456346,9904377
2016,37,Teenage Mutant Ninja Turtles:…,2016-06-03,2016,6,Paramount Pictures,Action,113449381,9485734
2016,38,The Purge: Election Year,2016-07-01,2016,7,Universal,Horror,109288738,9137854
2016,39,Alice Through the Looking Gla…,2016-05-27,2016,5,Walt Disney,Adventure,106523338,8906634
2016,40,Pete’s Dragon,2016-08-12,2016,8,Walt Disney,Adventure,105404449,8813081
2016,41,The Girl on the Train,2016-10-07,2016,10,Universal,Thriller/Suspense,104245621,8716189
2016,42,Tyler Perry’s Boo! A Madea Ha…,2016-10-21,2016,10,Lionsgate,Comedy,101219406,8463161
2016,43,Storks,2016-09-23,2016,9,Warner Bros.,Adventure,100125041,8371659
2016,44,10 Cloverfield Lane,2016-03-11,2016,3,Paramount Pictures,Thriller/Suspense,99666204,8333295
2016,45,Lights Out,2016-07-22,2016,7,Warner Bros.,Horror,93009857,7776744
2016,46,The Divergent Series: Allegia…,2016-03-18,2016,3,Lionsgate,Action,91509971,7651335
2016,47,Now You See Me 2,2016-06-10,2016,6,Lionsgate,Thriller/Suspense,89977278,7523184
2016,48,Hacksaw Ridge,2016-11-04,2016,11,Lionsgate,Drama,89130640,7452395
2016,49,Ice Age: Collision Course,2016-07-22,2016,7,20th Century Fox,Adventure,88577292,7406128
2016,50,The Boss,2016-04-08,2016,4,Universal,Comedy,87214753,7292203
2016,51,London Has Fallen,2016-03-04,2016,3,Focus Features,Thriller/Suspense,86449728,7228238
2016,52,Miracles from Heaven,2016-03-16,2016,3,Sony Pictures,Drama,85317141,7133540
2016,53,Deepwater Horizon,2016-09-30,2016,9,Lionsgate,Thriller/Suspense,84941617,7102142
2016,54,My Big Fat Greek Wedding 2,2016-03-25,2016,3,Universal,Comedy,82530367,6900532
2016,55,Jack Reacher: Never Go Back,2016-10-21,2016,10,Paramount Pictures,Action,80950447,6768432
2016,56,Me Before You,2016-06-03,2016,6,Warner Bros.,Drama,77767757,6502321
2016,57,The BFG,2016-07-01,2016,7,Walt Disney,Adventure,76715132,6414309
2016,58,Passengers,2016-12-21,2016,12,Sony Pictures,Drama,76571942,6402336
2016,59,Neighbors 2: Sorority Rising,2016-05-20,2016,5,Universal,Comedy,76517356,6397772
2016,60,The Shallows,2016-06-24,2016,6,Sony Pictures,Thriller/Suspense,76214406,6372442
2016,61,Barbershop: The Next Cut,2016-04-15,2016,4,Warner Bros.,Comedy,74705134,6246249
2016,62,13 Hours: The Secret Soldiers…,2016-01-15,2016,1,Paramount Pictures,Thriller/Suspense,73077977,6110199
2016,63,Office Christmas Party,2016-12-09,2016,12,Paramount Pictures,Comedy,68877399,5758980
2016,64,Kubo and the Two Strings,2016-08-19,2016,8,Focus Features,Adventure,66399553,5551802
2016,65,The Huntsman: Winter’s War,2016-04-22,2016,4,Universal,Action,66371799,5549482
2016,66,Warcraft,2016-06-10,2016,6,Universal,Action,65490043,5475756
2016,67,How to be Single,2016-02-12,2016,2,Warner Bros.,Romantic Comedy,64768603,5415435
2016,68,The Big Short,2015-12-11,2015,12,Paramount Pictures,Drama,63968291,5348519
2016,69,Mike and Dave Need Wedding Da…,2016-07-08,2016,7,20th Century Fox,Comedy,63615687,5319037
2016,70,War Dogs,2016-08-19,2016,8,Warner Bros.,Black Comedy,59502069,4975089
2016,71,Almost Christmas,2016-11-11,2016,11,Universal,Drama,58023180,4851436
2016,72,Money Monster,2016-05-13,2016,5,Sony Pictures,Thriller/Suspense,56705713,4741280
2016,73,The Hateful Eight,2015-12-25,2015,12,Weinstein Co.,Western,56382352,4714243
2016,74,Allied,2016-11-23,2016,11,Paramount Pictures,Drama,54672991,4571320
2016,75,Nerve,2016-07-27,2016,7,Lionsgate,Thriller/Suspense,53347996,4460535
2016,76,Sisters,2015-12-18,2015,12,Universal,Comedy,52432177,4383961
2016,77,Risen,2016-02-19,2016,2,Sony Pictures,Drama,50992508,4263588
2016,78,Assassin’s Creed,2016-12-21,2016,12,20th Century Fox,Action,50349757,4209846
2016,79,The Nice Guys,2016-05-20,2016,5,Warner Bros.,Black Comedy,50137652,4192111
2016,80,The Boy,2016-01-22,2016,1,STX Entertainment,Horror,49526230,4140989
2016,81,Dirty Grandpa,2016-01-22,2016,1,Lionsgate,Comedy,49213137,4114811
2016,82,Ouija: Origin of Evil,2016-10-21,2016,10,Universal,Horror,48592865,4062949
2016,83,The 5th Wave,2016-01-22,2016,1,Sony Pictures,Action,48272747,4036183
2016,84,Inferno,2016-10-28,2016,10,Sony Pictures,Thriller/Suspense,47316872,3956260
2016,85,Mother’s Day,2016-04-29,2016,4,Open Road,Romantic Comedy,44926543,3756400
2016,86,Gods of Egypt,2016-02-26,2016,2,Lionsgate,Adventure,43074616,3601557
2016,87,La La Land,2016-12-09,2016,12,Lionsgate,Musical,42835149,3581534
2016,88,Why Him?,2016-12-23,2016,12,20th Century Fox,Comedy,42356258,3541493
2016,89,Alvin and the Chipmunks: The …,2015-12-18,2015,12,20th Century Fox,Adventure,41910550,3504227
2016,90,"Hail, Caesar!",2016-02-05,2016,2,Universal,Comedy,41590693,3477483
2016,91,When the Bough Breaks,2016-09-09,2016,9,Sony Pictures,Thriller/Suspense,41130790,3439029
2016,92,Zoolander 2,2016-02-12,2016,2,Paramount Pictures,Comedy,39887904,3335109
2016,93,Joy,2015-12-25,2015,12,20th Century Fox,Drama,38909597,3253311
2016,94,The Finest Hours,2016-01-29,2016,1,Walt Disney,Thriller/Suspense,38119296,3187232
2016,95,Florence Foster Jenkins,2016-08-12,2016,8,Paramount Pictures,Drama,37862415,3165754
2016,96,Manchester by the Sea,2016-11-18,2016,11,Roadside Attractions,Drama,37407892,3127750
2016,97,Hell or High Water,2016-08-12,2016,8,Lionsgate,Western,37342637,3122294
2016,98,The Forest,2016-01-08,2016,1,Focus / Gramercy,Horror,36770793,3074481
2016,99,Ben-Hur,2016-08-19,2016,8,Paramount Pictures,Adventure,36516683,3053234
2016,100,Fences,2016-12-16,2016,12,Paramount Pictures,Drama,36406753,3044043
2017,1,Star Wars Ep. VIII: The Last …,2017-12-15,2017,12,Walt Disney,Adventure,689624491,57660911
2017,2,Beauty and the Beast,2017-03-17,2017,3,Walt Disney,Musical,672018887,56188870
2017,3,Wonder Woman,2017-06-02,2017,6,Warner Bros.,Action,550084544,45993691
2017,4,Guardians of the Galaxy Vol 2,2017-05-05,2017,5,Walt Disney,Action,519750801,43457425
2017,5,Spider-Man: Homecoming,2017-07-07,2017,7,Sony Pictures,Action,445601520,37257652
2017,6,It,2017-09-08,2017,9,Warner Bros.,Horror,436642331,36508556
2017,7,Thor: Ragnarok,2017-11-03,2017,11,Walt Disney,Action,414966867,34696226
2017,8,Despicable Me 3,2017-06-30,2017,6,Universal,Adventure,352832400,29501037
2017,9,Logan,2017-03-03,2017,3,20th Century Fox,Action,301702757,25225983
2017,10,The Fate of the Furious,2017-04-14,2017,4,Universal,Action,301019687,25168870
2017,11,Justice League,2017-11-17,2017,11,Warner Bros.,Action,300728393,25144514
2017,12,Dunkirk,2017-07-21,2017,7,Warner Bros.,Action,251164215,21000352
2017,13,Coco,2017-11-22,2017,11,Walt Disney,Musical,239778932,20048406
2017,14,The Lego Batman Movie,2017-02-10,2017,2,Warner Bros.,Adventure,234333845,19593131
2017,15,Get Out,2017-02-24,2017,2,Universal,Horror,233978853,19563449
2017,16,The Boss Baby,2017-03-31,2017,3,20th Century Fox,Adventure,233337377,19509814
2017,17,Pirates of the Caribbean: Dea…,2017-05-26,2017,5,Walt Disney,Adventure,230078501,19237333
2017,18,Jumanji: Welcome to the Jungle,2017-12-20,2017,12,Sony Pictures,Adventure,225336743,18840865
2017,19,Kong: Skull Island,2017-03-10,2017,3,Warner Bros.,Adventure,224070416,18734985
2017,20,Hidden Figures,2016-12-25,2016,12,20th Century Fox,Drama,223493775,18686770
2017,21,Cars 3,2017-06-16,2017,6,Walt Disney,Adventure,203868153,17045832
2017,22,War for the Planet of the Apes,2017-07-14,2017,7,20th Century Fox,Action,195840216,16374600
2017,23,Split,2017-01-20,2017,1,Universal,Horror,184188780,15400400
2017,24,Transformers: The Last Knight,2017-06-21,2017,6,Paramount Pictures,Action,173558244,14511559
2017,25,Rogue One: A Star Wars Story,2016-12-16,2016,12,Walt Disney,Adventure,165255299,13817333
2017,26,Wonder,2017-11-17,2017,11,Lionsgate,Drama,162079059,13551761
2017,27,La La Land,2016-12-09,2016,12,Lionsgate,Musical,160162043,13391475
2017,28,Sing,2016-12-21,2016,12,Universal,Musical,156633400,13096438
2017,29,Girls Trip,2017-07-21,2017,7,Universal,Comedy,153478020,12832610
2017,30,Fifty Shades Darker,2017-02-10,2017,2,Universal,Drama,152578680,12757415
2017,31,Baby Driver,2017-06-28,2017,6,Sony Pictures,Thriller/Suspense,143767816,12020720
2017,32,Annabelle: Creation,2017-08-11,2017,8,Warner Bros.,Horror,136122935,11381516
2017,33,Daddy’s Home 2,2017-11-10,2017,11,Paramount Pictures,Comedy,135721841,11347980
2017,34,Murder on the Orient Express,2017-11-10,2017,11,20th Century Fox,Drama,134159499,11217349
2017,35,Kingsman: The Golden Circle,2017-09-22,2017,9,20th Century Fox,Action,133636052,11173583
2017,36,John Wick: Chapter Two,2017-02-10,2017,2,Lionsgate,Action,122705579,10259664
2017,37,Blade Runner 2049,2017-10-06,2017,10,Warner Bros.,Thriller/Suspense,122206016,10217894
2017,38,The Emoji Movie,2017-07-28,2017,7,Sony Pictures,Adventure,114786017,9597493
2017,39,Power Rangers,2017-03-24,2017,3,Lionsgate,Action,113819267,9516661
2017,40,The Mummy,2017-06-09,2017,6,Universal,Adventure,106801500,8929891
2017,41,The Hitman’s Bodyguard,2017-08-18,2017,8,Lionsgate,Action,100624777,8413443
2017,42,Alien: Covenant,2017-05-19,2017,5,20th Century Fox,Horror,99016041,8278933
2017,43,Captain Underpants: The First…,2017-06-02,2017,6,20th Century Fox,Adventure,98561333,8240914
2017,44,A Bad Moms Christmas,2017-11-01,2017,11,STX Entertainment,Comedy,95855984,8014714
2017,45,A Dog’s Purpose,2017-01-27,2017,1,Universal,Drama,85762520,7170779
2017,46,Pitch Perfect 3,2017-12-22,2017,12,Universal,Comedy,84400807,7056924
2017,47,The Lego Ninjago Movie,2017-09-22,2017,9,Warner Bros.,Adventure,79042073,6608869
2017,48,Baywatch,2017-05-25,2017,5,Paramount Pictures,Comedy,77413581,6472707
2017,49,The Shack,2017-03-03,2017,3,Lionsgate,Drama,76515224,6397594
2017,50,Happy Death Day,2017-10-13,2017,10,Universal,Horror,74245127,6207787
2017,51,Ferdinand,2017-12-15,2017,12,20th Century Fox,Adventure,71395623,5969534
2017,52,Atomic Blonde,2017-07-28,2017,7,Focus Features,Thriller/Suspense,68765233,5749601
2017,53,American Made,2017-09-29,2017,9,Universal,Action,68456000,5723746
2017,54,The Dark Tower,2017-08-04,2017,8,Sony Pictures,Western,67601767,5652322
2017,55,The Greatest Showman,2017-12-20,2017,12,20th Century Fox,Musical,65382291,5466747
2017,56,Tyler Perry’s Boo 2! A Madea …,2017-10-20,2017,10,Lionsgate,Comedy,63092763,5275315
2017,57,Lion,2016-11-25,2016,11,Weinstein Co.,Drama,61914393,5176789
2017,58,Snatched,2017-05-12,2017,5,20th Century Fox,Comedy,61136237,5111726
2017,59,The Great Wall,2017-02-17,2017,2,Universal,Action,60209473,5034237
2017,60,Smurfs: The Lost Village,2017-04-07,2017,4,Sony Pictures,Adventure,60027043,5018984
2017,61,Going in Style,2017-04-07,2017,4,Warner Bros.,Comedy,60024721,5018789
2017,62,All Eyez on Me,2017-06-16,2017,6,Lionsgate,Drama,59896403,5008060
2017,63,xXx: Return of Xander Cage,2017-01-20,2017,1,Paramount Pictures,Action,59864551,5005397
2017,64,Passengers,2016-12-21,2016,12,Sony Pictures,Drama,59512653,4975974
2017,65,47 Meters Down,2017-06-16,2017,6,Entertainment Stu…,Thriller/Suspense,59076257,4939486
2017,66,The Big Sick,2017-06-23,2017,6,Lionsgate,Romantic Comedy,57163289,4779539
2017,67,Moana,2016-11-23,2016,11,Walt Disney,Musical,56372755,4713441
2017,68,Ghost in the Shell,2017-03-31,2017,3,Paramount Pictures,Action,54084743,4522136
2017,69,Valerian and the City of a Th…,2017-07-21,2017,7,STX Entertainment,Adventure,53972493,4512750
2017,70,The Star,2017-11-17,2017,11,Sony Pictures,Adventure,53285265,4455290
2017,71,King Arthur: Legend of the Sw…,2017-05-12,2017,5,Warner Bros.,Adventure,52233421,4367343
2017,72,Jigsaw,2017-10-27,2017,10,Lionsgate,Horror,50737109,4242233
2017,73,American Assassin,2017-09-15,2017,9,Lionsgate,Thriller/Suspense,48332899,4041212
2017,74,The Foreigner,2017-10-13,2017,10,STX Entertainment,Action,45858009,3834282
2017,75,"Everything, Everything",2017-05-19,2017,5,Warner Bros.,Drama,45494853,3803918
2017,76,Wind River,2017-08-04,2017,8,Weinstein Co.,Thriller/Suspense,45067812,3768212
2017,77,Geostorm,2017-10-20,2017,10,Warner Bros.,Thriller/Suspense,44771709,3743454
2017,78,Monster Trucks,2017-01-13,2017,1,Paramount Pictures,Adventure,44493555,3720197
2017,79,Fist Fight,2017-02-17,2017,2,Warner Bros.,Comedy,42916023,3588296
2017,80,How to Be a Latin Lover,2017-04-28,2017,4,Lionsgate,Comedy,42865872,3584103
2017,81,Lady Bird,2017-11-03,2017,11,A24,Drama,41909951,3504176
2017,82,Fences,2016-12-16,2016,12,Paramount Pictures,Drama,41802577,3495199
2017,83,Patriots Day,2016-12-21,2016,12,Lionsgate,Thriller/Suspense,41759741,3491617
2017,84,Kidnap,2017-08-04,2017,8,Aviron Pictures,Thriller/Suspense,40957476,3424538
2017,85,Underworld: Blood Wars,2017-01-06,2017,1,Sony Pictures,Action,40471964,3383943
2017,86,The Mountain Between Us,2017-10-06,2017,10,20th Century Fox,Adventure,40464740,3383339
2017,87,Life,2017-03-24,2017,3,Sony Pictures,Thriller/Suspense,40312029,3370571
2017,88,Why Him?,2016-12-23,2016,12,20th Century Fox,Comedy,39586493,3309907
2017,89,The Nut Job 2: Nutty by Nature,2017-08-11,2017,8,Open Road,Adventure,37827363,3162823
2017,90,Rings,2017-02-03,2017,2,Paramount Pictures,Horror,37057357,3098441
2017,91,Logan Lucky,2017-08-18,2017,8,Bleecker Street,Comedy,37038189,3096839
2017,92,Home Again,2017-09-08,2017,9,Open Road,Romantic Comedy,36027045,3012295
2017,93,Resident Evil: The Final Chap…,2017-01-27,2017,1,Sony Pictures,Horror,35792923,2992719
2017,94,The House,2017-06-30,2017,6,Warner Bros.,Comedy,34112672,2852230
2017,95,Gifted,2017-04-07,2017,4,,Drama,33068283,2764907
2017,96,Three Billboards Outside Ebbi…,2017-11-10,2017,11,Fox Searchlight,Black Comedy,32219505,2693939
2017,97,The Bye Bye Man,2017-01-13,2017,1,STX Entertainment,Horror,29861075,2496745
2017,98,Victoria and Abdul,2017-09-22,2017,9,,Drama,29644380,2478627
2017,99,Rough Night,2017-06-16,2017,6,Sony Pictures,Black Comedy,29474191,2464397
2017,100,My Little Pony: The Movie,2017-10-06,2017,10,Lionsgate,Adventure,29180143,2439811
2018,1,Black Panther,2018-02-16,2018,2,Walt Disney,Action,919068322,76845177
2018,2,Avengers: Infinity War,2018-04-27,2018,4,Walt Disney,Action,891178174,74513225
2018,3,Incredibles 2,2018-06-15,2018,6,Walt Disney,Adventure,798972301,66803704
2018,4,Jurassic World: Fallen Kingdom,2018-06-22,2018,6,Universal,Action,548400475,45852883
2018,5,Deadpool 2,2018-05-18,2018,5,20th Century Fox,Action,426034333,35621600
2018,6,Dr. Seuss’ The Grinch,2018-11-09,2018,11,Universal,Adventure,349584380,29229463
2018,7,Jumanji: Welcome to the Jungle,2017-12-20,2017,12,Sony Pictures,Adventure,309182882,25851412
2018,8,Mission: Impossible—Fallout,2018-07-27,2018,7,Paramount Pictures,Action,289034345,24166751
2018,9,Ant-Man and the Wasp,2018-07-06,2018,7,Walt Disney,Action,284425788,23781420
2018,10,Solo: A Star Wars Story,2018-05-25,2018,5,Walt Disney,Adventure,280643188,23465150
2018,11,Venom,2018-10-05,2018,10,Sony Pictures,Action,280045691,23415192
2018,12,A Star is Born,2018-10-05,2018,10,Warner Bros.,Drama,264088727,22080997
2018,13,Aquaman,2018-12-21,2018,12,Warner Bros.,Action,261334302,21850694
2018,14,Bohemian Rhapsody,2018-11-02,2018,11,20th Century Fox,Drama,249194849,20835690
2018,15,A Quiet Place,2018-04-06,2018,4,Paramount Pictures,Horror,246846472,20639337
2018,16,Ralph Breaks The Internet,2018-11-21,2018,11,Walt Disney,Adventure,233183049,19496910
2018,17,Crazy Rich Asians,2018-08-15,2018,8,Warner Bros.,Romantic Comedy,229116492,19156897
2018,18,Hotel Transylvania 3: Summer …,2018-07-13,2018,7,Sony Pictures,Adventure,219901328,18386399
2018,19,Halloween,2018-10-19,2018,10,Universal,Horror,209183827,17490286
2018,20,Fantastic Beasts: The Crimes …,2018-11-16,2018,11,Warner Bros.,Adventure,205829971,17209864
2018,21,The Meg,2018-08-10,2018,8,Warner Bros.,Action,190944803,15965285
2018,22,Ocean’s 8,2018-06-08,2018,6,Warner Bros.,Comedy,184085157,15391736
2018,23,Ready Player One,2018-03-29,2018,3,Warner Bros.,Adventure,180765583,15114179
2018,24,The Greatest Showman,2017-12-20,2017,12,20th Century Fox,Musical,164503769,13754496
2018,25,Mamma Mia: Here We Go Again!,2018-07-20,2018,7,Universal,Musical,158374734,13242035
2018,26,The Nun,2018-09-07,2018,9,Warner Bros.,Horror,154193570,12892439
2018,27,Peter Rabbit,2018-02-09,2018,2,Sony Pictures,Adventure,151284276,12649187
2018,28,Creed II,2018-11-21,2018,11,MGM,Drama,147627256,12343416
2018,29,Spider-Man: Into The Spider-V…,2018-12-14,2018,12,Sony Pictures,Adventure,141979306,11871179
2018,30,Mary Poppins Returns,2018-12-19,2018,12,Walt Disney,Musical,139070067,11627932
2018,31,Star Wars Ep. VIII: The Last …,2017-12-15,2017,12,Walt Disney,Adventure,135174275,11302197
2018,32,The Equalizer 2,2018-07-20,2018,7,Sony Pictures,Action,134020743,11205748
2018,33,Rampage,2018-04-13,2018,4,Warner Bros.,Action,132634211,11089817
2018,34,A Wrinkle in Time,2018-03-09,2018,3,Walt Disney,Adventure,131912640,11029485
2018,35,Fifty Shades Freed,2018-02-09,2018,2,Universal,Drama,131819628,11021708
2018,36,Christopher Robin,2018-08-03,2018,8,Walt Disney,Adventure,130253776,10890784
2018,37,I Can Only Imagine,2018-03-16,2018,3,Roadside Attractions,Drama,109599224,9163815
2018,38,Smallfoot,2018-09-28,2018,9,Warner Bros.,Adventure,108935279,9108301
2018,39,The Post,2017-12-22,2017,12,20th Century Fox,Drama,105215621,8797293
2018,40,Night School,2018-09-28,2018,9,Universal,Comedy,101504533,8487001
2018,41,Bumblebee,2018-12-21,2018,12,Paramount Pictures,Adventure,93771282,7840408
2018,42,The First Purge,2018-07-04,2018,7,Universal,Horror,91227815,7627744
2018,43,Game Night,2018-02-23,2018,2,Warner Bros.,Comedy,90821255,7593750
2018,44,Book Club,2018-05-18,2018,5,Paramount Pictures,Romantic Comedy,90016784,7526487
2018,45,The House with a Clock in its…,2018-09-21,2018,9,Universal,Comedy,89977535,7523205
2018,46,Skyscraper,2018-07-13,2018,7,Universal,Action,89824878,7510441
2018,47,Insidious: The Last Key,2018-01-05,2018,1,Universal,Horror,88938984,7436370
2018,48,Instant Family,2018-11-16,2018,11,Paramount Pictures,Comedy,85131314,7118003
2018,49,The Mule,2018-12-14,2018,12,Warner Bros.,Drama,84967639,7104318
2018,50,Blockers,2018-04-06,2018,4,Universal,Comedy,79179526,6620362
2018,51,Pacific Rim: Uprising,2018-03-23,2018,3,Universal,Action,78605853,6572396
2018,52,Tomb Raider,2018-03-16,2018,3,Warner Bros.,Action,76474161,6394161
2018,53,Maze Runner: The Death Cure,2018-01-26,2018,1,20th Century Fox,Action,76187488,6370191
2018,54,Tag,2018-06-15,2018,6,Warner Bros.,Comedy,71852720,6007752
2018,55,The Nutcracker and the Four R…,2018-11-02,2018,11,Walt Disney,Adventure,71657295,5991413
2018,56,A Simple Favor,2018-09-14,2018,9,Lionsgate,Thriller/Suspense,70300888,5878001
2018,57,Life of the Party,2018-05-11,2018,5,Warner Bros.,Comedy,69659334,5824359
2018,58,The Predator,2018-09-14,2018,9,20th Century Fox,Action,66987432,5600956
2018,59,Overboard,2018-05-04,2018,5,Lionsgate,Romantic Comedy,66057171,5523175
2018,60,Sicario: Day of the Soldado,2018-06-29,2018,6,Sony Pictures,Action,65728602,5495703
2018,61,I Feel Pretty,2018-04-20,2018,4,STX Entertainment,Comedy,64060965,5356268
2018,62,BlacKkKlansman,2018-08-10,2018,8,Focus Features,Black Comedy,63709075,5326846
2018,63,The Shape of Water,2017-12-01,2017,12,Fox Searchlight,Drama,63264931,5289710
2018,64,Red Sparrow,2018-03-02,2018,3,20th Century Fox,Thriller/Suspense,61538867,5145390
2018,65,Breaking In,2018-05-11,2018,5,Universal,Thriller/Suspense,61494342,5141667
2018,66,Goosebumps 2: Haunted Hallowe…,2018-10-12,2018,10,Sony Pictures,Horror,61306252,5125941
2018,67,12 Strong,2018-01-19,2018,1,Warner Bros.,Drama,60154091,5029606
2018,68,Den of Thieves,2018-01-19,2018,1,STX Entertainment,Action,59009172,4933877
2018,69,First Man,2018-10-12,2018,10,Universal,Drama,58976893,4931178
2018,70,Hereditary,2018-06-08,2018,6,A24,Horror,57856278,4837481
2018,71,Acrimony,2018-03-30,2018,3,Lionsgate,Thriller/Suspense,57173127,4780362
2018,72,Sherlock Gnomes,2018-03-23,2018,3,Paramount Pictures,Adventure,56771102,4746748
2018,73,Uncle Drew,2018-06-29,2018,6,Lionsgate,Comedy,55756373,4661904
2018,74,Widows,2018-11-16,2018,11,20th Century Fox,Thriller/Suspense,55013601,4599799
2018,75,Pitch Perfect 3,2017-12-22,2017,12,Universal,Comedy,54610233,4566073
2018,76,Truth or Dare,2018-04-13,2018,4,Universal,Thriller/Suspense,54366162,4545666
2018,77,Paddington 2,2018-01-12,2018,1,Warner Bros.,Adventure,53684240,4488649
2018,78,"Love, Simon",2018-03-16,2018,3,20th Century Fox,Drama,53598577,4481486
2018,79,Darkest Hour,2017-11-22,2017,11,Focus Features,Drama,50295362,4205298
2018,80,The Commuter,2018-01-12,2018,1,Lionsgate,Action,47713781,3989447
2018,81,The 15:17 to Paris,2018-02-09,2018,2,Warner Bros.,Drama,47625069,3982029
2018,82,Mile 22,2018-08-17,2018,8,STX Entertainment,Action,47405131,3963640
2018,83,Alpha,2018-08-17,2018,8,Sony Pictures,Adventure,47067233,3935387
2018,84,Peppermint,2018-09-07,2018,9,STX Entertainment,Action,46499224,3887895
2018,85,Death Wish,2018-03-02,2018,3,MGM,Action,44659018,3734032
2018,86,The Spy Who Dumped Me,2018-08-03,2018,8,Lionsgate,Comedy,44061728,3684091
2018,87,Annihilation,2018-02-23,2018,2,Paramount Pictures,Thriller/Suspense,42972373,3593008
2018,88,Green Book,2018-11-16,2018,11,Universal,Comedy,42211850,3529419
2018,89,Isle of Dogs,2018-03-23,2018,3,Fox Searchlight,Adventure,42030973,3514295
2018,90,Nobody’s Fool,2018-11-02,2018,11,Paramount Pictures,Drama,41634335,3481132
2018,91,Adrift,2018-06-01,2018,6,STX Entertainment,Drama,41282364,3451703
2018,92,Ferdinand,2017-12-15,2017,12,20th Century Fox,Adventure,40519145,3387888
2018,93,Robin Hood,2018-11-21,2018,11,Lionsgate,Action,40232092,3363887
2018,94,Super Troopers 2,2018-04-20,2018,4,20th Century Fox,Comedy,40195835,3360856
2018,95,Slender Man,2018-08-10,2018,8,Sony Pictures,Horror,40126817,3355085
2018,96,Three Billboards Outside Ebbi…,2017-11-10,2017,11,Fox Searchlight,Black Comedy,39843619,3331406
2018,97,Coco,2017-11-22,2017,11,Walt Disney,Musical,39243262,3281209
2018,98,Teen Titans Go! To The Movies,2018-07-27,2018,7,Warner Bros.,Adventure,39109904,3270059
2018,99,Hostiles,2017-12-22,2017,12,Entertainment Stu…,Western,39035246,3263817
2018,100,The Hate U Give,2018-10-05,2018,10,20th Century Fox,Drama,38950272,3256712
2019,1,Avengers: Endgame,2019-04-26,2019,4,Walt Disney,Action,1120757760,93708843
2019,2,The Lion King,2019-07-19,2019,7,Walt Disney,Adventure,709815611,59349131
2019,3,Toy Story 4,2019-06-21,2019,6,Walt Disney,Adventure,566713382,47384062
2019,4,Frozen II,2019-11-22,2019,11,Walt Disney,Musical,561629956,46959026
2019,5,Captain Marvel,2019-03-08,2019,3,Walt Disney,Action,557301842,46597144
2019,6,Star Wars: The Rise of Skywal…,2019-12-20,2019,12,Walt Disney,Adventure,510136087,42653519
2019,7,Spider-Man: Far From Home,2019-07-02,2019,7,Sony Pictures,Action,509908705,42634507
2019,8,Aladdin,2019-05-24,2019,5,Walt Disney,Adventure,464245439,38816508
2019,9,Joker,2019-10-04,2019,10,Warner Bros.,Thriller/Suspense,435799043,36438047
2019,10,It: Chapter Two,2019-09-06,2019,9,Warner Bros.,Horror,276272381,23099697
2019,11,Jumanji: The Next Level,2019-12-13,2019,12,Sony Pictures,Adventure,250813390,20971019
2019,12,Us,2019-03-22,2019,3,Universal,Horror,228603884,19114037
2019,13,Fast & Furious Presents: Hobb…,2019-08-02,2019,8,Universal,Action,227131544,18990932
2019,14,John Wick: Chapter 3 — Parabe…,2019-05-17,2019,5,Lionsgate,Action,223291225,18669835
2019,15,How to Train Your Dragon: The…,2019-02-22,2019,2,Universal,Adventure,209952192,17554531
2019,16,The Secret Life of Pets 2,2019-06-07,2019,6,Universal,Adventure,207438621,17344366
2019,17,Pokémon: Detective Pikachu,2019-05-10,2019,5,Warner Bros.,Comedy,188155015,15732025
2019,18,Once Upon a Time…in Hollywood,2019-07-26,2019,7,Sony Pictures,Thriller/Suspense,184200932,15401416
2019,19,Shazam!,2019-04-05,2019,4,Warner Bros.,Action,183280022,15324417
2019,20,Aquaman,2018-12-21,2018,12,Warner Bros.,Action,177574642,14847378
2019,21,Knives Out,2019-11-27,2019,11,Lionsgate,Drama,151081931,12632268
2019,22,Dumbo,2019-03-29,2019,3,Walt Disney,Adventure,149847711,12529073
2019,23,Maleficent: Mistress of Evil,2019-10-18,2019,10,Walt Disney,Adventure,147926316,12368421
2019,24,Glass,2019-01-18,2019,1,Universal,Thriller/Suspense,144993415,12123195
2019,25,Godzilla: King of the Monsters,2019-05-31,2019,5,Warner Bros.,Action,144277473,12063334
2019,26,The Upside,2019-01-11,2019,1,STX Entertainment,Comedy,141320583,11816102
2019,27,Ford v. Ferrari,2019-11-15,2019,11,20th Century Fox,Drama,139963916,11702669
2019,28,The LEGO Movie 2: The Second …,2019-02-08,2019,2,Warner Bros.,Adventure,138149109,11550929
2019,29,Hustlers,2019-09-13,2019,9,STX Entertainment,Drama,137044682,11458585
2019,30,The Addams Family,2019-10-11,2019,10,United Artists,Adventure,126893259,10609804
2019,31,Downton Abbey,2019-09-20,2019,9,Focus Features,Drama,126459850,10573566
2019,32,Rocketman,2019-05-31,2019,5,Paramount Pictures,Drama,125825676,10520541
2019,33,Alita: Battle Angel,2019-02-14,2019,2,20th Century Fox,Action,111909838,9357010
2019,34,Good Boys,2019-08-16,2019,8,Universal,Comedy,108554373,9076453
2019,35,Spider-Man: Into The Spider-V…,2018-12-14,2018,12,Sony Pictures,Adventure,107100429,8954885
2019,36,Men in Black: International,2019-06-14,2019,6,Sony Pictures,Adventure,104456508,8733822
2019,37,Annabelle Comes Home,2019-06-26,2019,6,Warner Bros.,Horror,96819322,8095261
2019,38,Yesterday,2019-06-28,2019,6,Universal,Romantic Comedy,95688683,8000726
2019,39,Tyler Perry’s A Madea Family …,2019-03-01,2019,3,Lionsgate,Comedy,95650028,7997494
2019,40,Zombieland: Double Tap,2019-10-18,2019,10,Sony Pictures,Comedy,95223217,7961807
2019,41,Angel Has Fallen,2019-08-23,2019,8,Lionsgate,Thriller/Suspense,90131443,7536074
2019,42,Scary Stories to Tell in the …,2019-08-09,2019,8,Lionsgate,Horror,90022600,7526973
2019,43,Mary Poppins Returns,2018-12-19,2018,12,Walt Disney,Musical,86211201,7208294
2019,44,Dark Phoenix,2019-06-07,2019,6,20th Century Fox,Action,85973564,7188425
2019,45,Terminator: Dark Fate,2019-11-01,2019,11,Paramount Pictures,Action,81282402,6796187
2019,46,Abominable,2019-09-27,2019,9,Universal,Adventure,79227512,6624374
2019,47,Dora and the Lost City of Gold,2019-08-09,2019,8,Paramount Pictures,Adventure,78964650,6602396
2019,48,Escape Room,2019-01-04,2019,1,Sony Pictures,Horror,74424568,6222790
2019,49,A Beautiful Day in the Neighb…,2019-11-22,2019,11,Sony Pictures,Drama,74041008,6190720
2019,50,Midway,2019-11-08,2019,11,Lionsgate,Action,73482402,6144014
2019,51,Bumblebee,2018-12-21,2018,12,Paramount Pictures,Adventure,72816906,6088370
2019,52,The Curse of La Llorona,2019-04-19,2019,4,Warner Bros.,Horror,71464576,5975299
2019,53,Pet Sematary,2019-04-05,2019,4,Paramount Pictures,Horror,71452769,5974312
2019,54,What Men Want,2019-02-08,2019,2,Paramount Pictures,Romantic Comedy,71305498,5961998
2019,55,Green Book,2018-11-16,2018,11,Universal,Comedy,69105774,5778075
2019,56,Ad Astra,2019-09-20,2019,9,20th Century Fox,Thriller/Suspense,65529793,5479080
2019,57,Isn’t it Romantic,2019-02-13,2019,2,Warner Bros.,Romantic Comedy,63705524,5326549
2019,58,Gemini Man,2019-10-11,2019,10,Paramount Pictures,Action,63386394,5299866
2019,59,MA,2019-05-31,2019,5,Universal,Horror,59925382,5010483
2019,60,Five Feet Apart,2019-03-15,2019,3,Lionsgate,Drama,59707585,4992273
2019,61,Wonder Park,2019-03-15,2019,3,Paramount Pictures,Adventure,59038520,4936331
2019,62,Rambo: Last Blood,2019-09-20,2019,9,Lionsgate,Action,58519591,4892942
2019,63,Playing with Fire,2019-11-08,2019,11,Paramount Pictures,Comedy,57647444,4820020
2019,64,Harriet,2019-11-01,2019,11,Focus Features,Drama,55553547,4644945
2019,65,A Dog’s Way Home,2019-01-11,2019,1,Sony Pictures,Drama,54776689,4579991
2019,66,The Angry Birds Movie 2,2019-08-13,2019,8,Sony Pictures,Adventure,54390680,4547716
2019,67,Little,2019-04-12,2019,4,Universal,Comedy,53350584,4460751
2019,68,Queen & Slim,2019-11-27,2019,11,Universal,Drama,53165784,4445300
2019,69,Breakthrough,2019-04-17,2019,4,20th Century Fox,Drama,53158129,4444660
2019,70,The Mule,2018-12-14,2018,12,Warner Bros.,Drama,51031170,4266820
2019,71,Crawl,2019-07-12,2019,7,Paramount Pictures,Horror,50939929,4259191
2019,72,Little Women,2019-12-25,2019,12,Sony Pictures,Drama,49084476,4104053
2019,73,The Hustle,2019-05-10,2019,5,United Artists,Comedy,46243207,3866489
2019,74,The Intruder,2019-05-03,2019,5,Sony Pictures,Thriller/Suspense,46206567,3863425
2019,75,Last Christmas,2019-11-08,2019,11,Universal,Romantic Comedy,45850736,3833674
2019,76,Overcomer,2019-08-23,2019,8,Sony Pictures,Drama,45307172,3788225
2019,77,Cold Pursuit,2019-02-08,2019,2,Lionsgate,Thriller/Suspense,41962968,3508609
2019,78,Doctor Sleep,2019-11-08,2019,11,Warner Bros.,Horror,41185092,3443570
2019,79,Dragon Ball Super: Broly (ド…,2019-01-16,2019,1,FUNimation,Action,39662226,3316240
2019,80,Long Shot,2019-05-03,2019,5,Lionsgate,Romantic Comedy,39583253,3309637
2019,81,Spies in Disguise,2019-12-25,2019,12,20th Century Fox,Adventure,38287261,3201276
2019,82,Child’s Play,2019-06-21,2019,6,United Artists,Horror,38136736,3188690
2019,83,Ready or Not,2019-08-21,2019,8,Fox Searchlight,Black Comedy,37491507,3134741
2019,84,Happy Death Day 2U,2019-02-13,2019,2,Universal,Thriller/Suspense,36752362,3072940
2019,85,Vice,2018-12-25,2018,12,Annapurna Pictures,Black Comedy,36637443,3063331
2019,86,21 Bridges,2019-11-22,2019,11,STX Entertainment,Thriller/Suspense,36228967,3029178
2019,87,Midsommar,2019-07-03,2019,7,A24,Horror,35809967,2994144
2019,88,Bohemian Rhapsody,2018-11-02,2018,11,20th Century Fox,Drama,34587649,2891944
2019,89,The Art of Racing in the Rain,2019-08-09,2019,8,20th Century Fox,Drama,34473548,2882404
2019,90,Countdown,2019-10-25,2019,10,STX Entertainment,Horror,33417975,2794145
2019,91,Uncut Gems,2019-12-13,2019,12,A24,Thriller/Suspense,31641543,2645614
2019,92,Judy,2019-09-27,2019,9,Roadside Attractions,Drama,31360424,2622109
2019,93,Ralph Breaks The Internet,2018-11-21,2018,11,Walt Disney,Adventure,30650577,2562757
2019,94,Fighting With My Family,2019-02-14,2019,2,,Comedy,29976490,2506396
2019,95,On the Basis of Sex,2018-12-25,2018,12,Focus Features,Drama,29960146,2505029
2019,96,A Dog’s Journey,2019-05-17,2019,5,Universal,Drama,29746415,2487158
2019,97,Booksmart,2019-05-24,2019,5,United Artists,Comedy,29614007,2476088
2019,98,Parasite (기생충),2019-10-11,2019,10,Neon,Black Comedy,29552279,2470926
2019,99,Stuber,2019-07-12,2019,7,20th Century Fox,Comedy,29208581,2442189
2019,100,47 Meters Down: Uncaged,2019-08-16,2019,8,Entertainment Stu…,Thriller/Suspense,29065542,2430229
2020,1,Bad Boys For Life,2020-01-17,2020,1,Sony Pictures,Action,266322173,22267740
2020,2,1917,2019-12-25,2019,12,Universal,Thriller/Suspense,205719121,17200595
2020,3,Sonic The Hedgehog,2020-02-14,2020,2,Paramount Pictures,Adventure,190300107,15911380
2020,4,Jumanji: The Next Level,2019-12-13,2019,12,Sony Pictures,Adventure,162511008,13587877
2020,5,Star Wars: The Rise of Skywal…,2019-12-20,2019,12,Walt Disney,Adventure,162197804,13561689
2020,6,Birds of Prey (And the Fantab…,2020-02-07,2020,2,Warner Bros.,Action,109644357,9167588
2020,7,Dolittle,2020-01-17,2020,1,Universal,Adventure,100379401,8392926
2020,8,Little Women,2019-12-25,2019,12,Sony Pictures,Drama,91853358,7680047
2020,9,The Invisible Man,2020-02-28,2020,2,Universal,Horror,84572117,7071247
2020,10,The Call of the Wild,2020-02-21,2020,2,20th Century Studios,Adventure,81221647,6791108
2020,11,Onward,2020-03-06,2020,3,Walt Disney,Adventure,80196028,6705353
2020,12,Tenet,2020-09-03,2020,9,Warner Bros.,Action,75621810,6322894
2020,13,Knives Out,2019-11-27,2019,11,Lionsgate,Drama,64688853,5408767
2020,14,Frozen II,2019-11-22,2019,11,Walt Disney,Musical,61531329,5144760
2020,15,Spies in Disguise,2019-12-25,2019,12,20th Century Fox,Adventure,48769343,4077704
2020,16,The Gentlemen,2020-01-24,2020,1,STX Entertainment,Action,47516632,3972963
2020,17,Just Mercy,2019-12-25,2019,12,Warner Bros.,Drama,46554914,3892551
2020,18,The Croods: A New Age,2020-11-25,2020,11,Universal,Adventure,42126143,3522253
2020,19,Parasite (기생충),2019-10-11,2019,10,Neon,Black Comedy,40043930,3348155
2020,20,Fantasy Island,2020-02-14,2020,2,Sony Pictures,Horror,34449206,2880368
2020,21,Uncut Gems,2019-12-13,2019,12,A24,Thriller/Suspense,33599986,2809363
2020,22,The New Mutants,2020-08-28,2020,8,20th Century Studios,Horror,31079804,2598646
2020,23,Wonder Woman 1984,2020-12-25,2020,12,Warner Bros.,Action,29977272,2506461
2020,24,Like a Boss,2020-01-10,2020,1,Paramount Pictures,Comedy,28883158,2414980
2020,25,The Grudge,2020-01-03,2020,1,Sony Pictures,Horror,27641082,2311127
2020,26,Unhinged,2020-08-14,2020,8,Solstice Studios,Thriller/Suspense,27139904,2269223
2020,27,The Photograph,2020-02-14,2020,2,Universal,Drama,26809923,2241632
2020,28,The War with Grandpa,2020-10-09,2020,10,101 Studios,Comedy,24365821,2037276
2020,29,Underwater,2020-01-10,2020,1,20th Century Fox,Thriller/Suspense,22527374,1883560
2020,30,The Turning,2020-01-24,2020,1,Universal,Horror,20158430,1685487
2020,31,Gretel & Hansel,2020-01-31,2020,1,United Artists,Horror,19995419,1671858
2020,32,Honest Thief,2020-10-09,2020,10,Open Road,Thriller/Suspense,18452761,1542873
2020,33,Bombshell,2019-12-13,2019,12,Lionsgate,Drama,17777046,1486375
2020,34,The Way Back,2020-03-06,2020,3,Warner Bros.,Drama,17706160,1480448
2020,35,Boku no Hīrō Akademia The Mov…,2020-02-26,2020,2,FUNimation,Adventure,17658362,1476452
2020,36,The Nightmare Before Christmas,1993-10-13,1993,10,Walt Disney,Musical,16871397,1410652
2020,37,Brahms: The Boy II,2020-02-21,2020,2,STX Entertainment,Horror,16430716,1373806
2020,38,Jojo Rabbit,2019-10-18,2019,10,Fox Searchlight,Black Comedy,16039402,1341087
2020,39,Impractical Jokers: The Movie,2020-02-21,2020,2,truTV,Comedy,13635561,1140097
2020,40,Ford v. Ferrari,2019-11-15,2019,11,20th Century Fox,Drama,13585821,1135938
2020,41,I Still Believe,2020-03-13,2020,3,Lionsgate,Drama,13562489,1133987
2020,42,Emma.,2020-02-21,2020,2,Focus Features,Drama,13100441,1095355
2020,43,Bloodshot,2020-03-13,2020,3,Sony Pictures,Action,13056707,1091698
2020,44,Come Play,2020-10-30,2020,10,Focus Features,Horror,12384124,1035462
2020,45,Let Him Go,2020-11-06,2020,11,Focus Features,Thriller/Suspense,12178798,1018294
2020,46,Freaky,2020-11-13,2020,11,Universal,Horror,11337324,947937
2020,47,Downhill,2020-02-14,2020,2,Searchlight Pictures,Drama,10796650,902730
2020,48,National Lampoon’s Christmas …,1989-12-01,1989,12,Warner Bros.,Comedy,10354928,865797
2020,49,Weathering with You (天気の子),2020-01-15,2020,1,GKIDS,Drama,10160402,849532
2020,50,Cats,2019-12-20,2019,12,Universal,Musical,9376060,783952
2020,51,It’s a Wonderful Life,1946-12-20,1946,12,,Drama,8656017,723747
2020,52,The Hunt,2020-03-13,2020,3,Universal,Thriller/Suspense,7572712,633170
2020,53,The Rhythm Section,2020-01-31,2020,1,Paramount Pictures,Thriller/Suspense,7084764,592372
2020,54,Monster Hunter,2020-12-18,2020,12,Sony Pictures,Action,6538137,546667
2020,55,A Beautiful Day in the Neighb…,2019-11-22,2019,11,Sony Pictures,Drama,6500407,543512
2020,56,The SpongeBob Movie: Sponge o…,2020-08-14,2020,8,Paramount Pictures,Adventure,6267652,524051
2020,57,Hocus Pocus,1993-07-16,1993,7,Walt Disney,Comedy,6224243,520422
2020,58,Richard Jewell,2019-12-13,2019,12,Warner Bros.,Drama,5893134,492737
2020,59,The Broken Hearts Gallery,2020-09-11,2020,9,Sony Pictures,Romantic Comedy,5297950,442972
2020,60,Infidel,2020-09-18,2020,9,Cloudburst Entert…,Thriller/Suspense,5279063,441393
2020,61,A Christmas Story,1983-11-18,1983,11,MGM,Comedy,5076344,424443
2020,62,News of the World,2020-12-25,2020,12,Universal,Western,4842849,404920
2020,63,Portrait de la jeune fille en…,2020-02-14,2020,2,Neon,Drama,4743939,396650
2020,64,Bill & Ted Face the Music,2020-08-28,2020,8,United Artists,Comedy,4481300,374691
2020,65,2020 Oscar Shorts,2020-01-29,2020,1,ShortsHD,Multiple Genres,4305532,359994
2020,66,Queen & Slim,2019-11-27,2019,11,Universal,Drama,4024924,336532
2020,67,The Empty Man,2020-10-23,2020,10,20th Century Studios,Horror,3902892,326329
2020,68,Las Pildoras De Mi Novio,2020-02-21,2020,2,Lionsgate,Romantic Comedy,3870866,323651
2020,69,The Last Full Measure,2020-01-24,2020,1,Roadside Attractions,Drama,3842328,321265
2020,70,Words on Bathroom Walls,2020-08-21,2020,8,Roadside Attractions,Drama,3312474,276963
2020,71,Fatale,2020-12-18,2020,12,Lionsgate,Thriller/Suspense,3111337,260145
2020,72,After We Collided,2020-09-11,2020,9,Open Road,Drama,3109187,259965
2020,73,The Lodge,2020-02-07,2020,2,Neon,Horror,2786637,232996
2020,74,Yip Man 4,2019-12-25,2019,12,Well Go USA,Action,2719215,227359
2020,75,Half Brothers,2020-12-04,2020,12,Focus Features,Comedy,2626705,219624
2020,76,The Personal History of David…,2020-08-28,2020,8,Searchlight Pictures,Drama,2444502,204390
2020,77,The Wretched,2020-05-01,2020,5,IFC Midnight,Horror,2365214,197760
2020,78,Joker,2019-10-04,2019,10,Warner Bros.,Thriller/Suspense,2187195,182876
2020,79,The Rental,2020-07-24,2020,7,IFC Films,Thriller/Suspense,2133450,178382
2020,80,Star Wars Ep. V: The Empire S…,1980-05-21,1980,5,Walt Disney,Adventure,2058747,172136
2020,81,Once Upon a Time…in Hollywood,2019-07-26,2019,7,Sony Pictures,Thriller/Suspense,1857526,155312
2020,82,2 Hearts,2020-10-16,2020,10,Freestyle Releasi…,Drama,1757891,146981
2020,83,Jay and Silent Bob Reboot,2019-10-18,2019,10,Saban Films,Comedy,1733635,144953
2020,84,Peninsula,2020-08-07,2020,8,Well Go USA,Horror,1595351,133391
2020,85,Promising Young Woman,2020-12-25,2020,12,Focus Features,Black Comedy,1574056,131610
2020,86,Met Opera — Agrippina,2020-02-29,2020,2,Fathom Events,Concert/Performance,1498257,125272
2020,87,True to the Game 2: Gena’s St…,2020-11-06,2020,11,Faith Media Distr…,Thriller/Suspense,1456316,121766
2020,88,The Assistant,2020-01-31,2020,1,Bleecker Street,Drama,1433519,119859
2020,89,Love and Monsters,2020-10-16,2020,10,Paramount Pictures,Adventure,1394961,116636
2020,90,Relic,2020-07-03,2020,7,IFC Midnight,Thriller/Suspense,1364173,114061
2020,91,The Tax Collector,2020-08-07,2020,8,RLJ Entertainment,Action,1360433,113749
2020,92,Die Hard,1988-07-15,1988,7,20th Century Studios,Action,1349816,112861
2020,93,Becky,2020-06-05,2020,6,Quiver,Thriller/Suspense,1306548,109243
2020,94,The Song of Names,2019-12-25,2019,12,Sony Pictures Cla…,Drama,1302972,108944
2020,95,Break the Silence: The Movie …,2020-09-24,2020,9,Trafalgar Releasing Ltd,Documentary,1302832,108932
2020,96,All My Life,2020-12-04,2020,12,Universal,Drama,1172008,97994
2020,97,Elf,2003-11-07,2003,11,New Line,Comedy,1146492,95861
2020,98,Toy Story,1995-11-22,1995,11,Walt Disney,Adventure,1133861,94804
2020,99,Met Opera: Wozzeck,2020-01-11,2020,1,Fathom Events,Concert/Performance,1124344,94009
2020,100,Cut Throat City,2020-07-31,2020,7,Well Go USA,Drama,1115086,93235
2021,1,Spider-Man: No Way Home,2021-12-17,2021,12,Sony Pictures,Action,673834596,56340685
2021,2,Shang-Chi and the Legend of t…,2021-09-03,2021,9,Walt Disney,Action,264064678,22078986
2021,3,Venom: Let There be Carnage,2021-10-01,2021,10,Sony Pictures,Action,250029899,20905510
2021,4,Black Widow,2021-07-09,2021,7,Walt Disney,Action,215975791,18058176
2021,5,F9: The Fast Saga,2021-06-25,2021,6,Universal,Action,203456352,17011401
2021,6,Eternals,2021-11-05,2021,11,Walt Disney,Action,193681948,16194143
2021,7,No Time to Die,2021-10-08,2021,10,United Artists,Action,189069145,15808457
2021,8,A Quiet Place: Part II,2021-05-28,2021,5,Paramount Pictures,Horror,188414999,15753762
2021,9,Ghostbusters: Afterlife,2021-11-19,2021,11,Sony Pictures,Comedy,143918620,12033329
2021,10,Free Guy,2021-08-13,2021,8,20th Century Studios,Action,143033836,11959351
2021,11,Jungle Cruise,2021-07-30,2021,7,Walt Disney,Adventure,137578239,11503197
2021,12,Dune,2021-10-22,2021,10,Warner Bros.,Action,126039987,10538460
2021,13,Godzilla vs. Kong,2021-03-31,2021,3,Warner Bros.,Action,118678120,9922920
2021,14,Halloween Kills,2021-10-15,2021,10,Universal,Horror,108195258,9046426
2021,15,Encanto,2021-11-24,2021,11,Walt Disney,Adventure,106579628,8911340
2021,16,Cruella,2021-05-28,2021,5,Walt Disney,Comedy,101258080,8466395
2021,17,Sing 2,2021-12-22,2021,12,Universal,Musical,89944792,7520468
2021,18,Space Jam: A New Legacy,2021-07-16,2021,7,Warner Bros.,Comedy,83017015,6941222
2021,19,The Conjuring: The Devil Made…,2021-06-04,2021,6,Warner Bros.,Horror,77182631,6453397
2021,20,Candyman,2021-08-27,2021,8,Universal,Horror,71955888,6016379
2021,21,The Boss Baby: Family Business,2021-07-02,2021,7,Universal,Adventure,67385580,5634246
2021,22,The Addams Family 2,2021-10-01,2021,10,United Artists,Adventure,66431688,5554489
2021,23,The Suicide Squad,2021-08-05,2021,8,Warner Bros.,Action,65641731,5488439
2021,24,Raya and the Last Dragon,2021-03-05,2021,3,Walt Disney,Adventure,64354716,5380829
2021,25,Demon Slayer: Kimetsu no Yaib…,2021-04-23,2021,4,FUNimation,Adventure,58218279,4867749
2021,26,Clifford the Big Red Dog,2021-11-10,2021,11,Paramount Pictures,Adventure,57562476,4812916
2021,27,House of Gucci,2021-11-24,2021,11,United Artists,Drama,56939359,4760816
2021,28,Old,2021-07-23,2021,7,Universal,Thriller/Suspense,56773556,4746953
2021,29,Tom and Jerry,2021-02-26,2021,2,Warner Bros.,Adventure,54727510,4575879
2021,30,The Forever Purge,2021-07-02,2021,7,Universal,Horror,52378502,4379473
2021,31,Mortal Kombat,2021-04-23,2021,4,Warner Bros.,Action,49775745,4161852
2021,32,Peter Rabbit 2: The Runaway,2021-06-11,2021,6,Sony Pictures,Adventure,47630338,3982470
2021,33,PAW Patrol: The Movie,2021-08-20,2021,8,Paramount Pictures,Adventure,47190104,3945661
2021,34,The Hitman’s Wife’s Bodyguard,2021-06-16,2021,6,Lionsgate,Comedy,44705618,3737928
2021,35,Don’t Breathe 2,2021-08-13,2021,8,Sony Pictures,Horror,38382589,3209247
2021,36,In the Heights,2021-06-10,2021,6,Warner Bros.,Musical,35251032,2947411
2021,37,Snake Eyes: G.I. Joe Origins,2021-07-23,2021,7,Paramount Pictures,Action,33239069,2779186
2021,38,West Side Story,2021-12-10,2021,12,20th Century Studios,Musical,33127257,2769838
2021,39,The Matrix Resurrections,2021-12-22,2021,12,Warner Bros.,Action,33086551,2766434
2021,40,Nobody,2021-03-26,2021,3,Universal,Thriller/Suspense,32420226,2710721
2021,41,Wrath of Man,2021-05-07,2021,5,United Artists,Action,32300807,2700736
2021,42,The Croods: A New Age,2020-11-25,2020,11,Universal,Adventure,30852020,2579600
2021,43,Escape Room: Tournament of Ch…,2021-07-16,2021,7,Sony Pictures,Horror,29770349,2489160
2021,44,Respect,2021-08-13,2021,8,United Artists,Drama,28551588,2387257
2021,45,Wonder Woman 1984,2020-12-25,2020,12,Warner Bros.,Action,27979256,2339403
2021,46,Spiral,2021-05-14,2021,5,Lionsgate,Horror,27303212,2282877
2021,47,Ron’s Gone Wrong,2021-10-22,2021,10,20th Century Studios,Adventure,27059083,2262465
2021,48,Spirit Untamed,2021-06-04,2021,6,Universal,Adventure,20834408,1742007
2021,49,The Green Knight,2021-07-30,2021,7,A24,Adventure,20195961,1688625
2021,50,Resident Evil: Welcome to Rac…,2021-11-24,2021,11,Sony Pictures,Horror,19902629,1664099
2021,51,The King’s Man,2021-12-22,2021,12,20th Century Studios,Action,19120387,1598695
2021,52,The French Dispatch,2021-10-22,2021,10,Searchlight Pictures,Comedy,18788807,1570971
2021,53,The Marksman,2021-01-15,2021,1,Open Road,Action,18305848,1530589
2021,54,The Unholy,2021-04-02,2021,4,Sony Pictures,Horror,18265915,1527250
2021,55,The Little Things,2021-01-29,2021,1,Warner Bros.,Thriller/Suspense,18043190,1508628
2021,56,Dear Evan Hansen,2021-09-24,2021,9,Universal,Musical,17643230,1475186
2021,57,King Richard,2021-11-19,2021,11,Warner Bros.,Drama,17322923,1448405
2021,58,Stillwater,2020-12-31,2020,12,Focus Features,Drama,17011583,1422373
2021,59,Malignant,2021-09-10,2021,9,Warner Bros.,Horror,15748852,1316794
2021,60,Christmas with the Chosen: Th…,2021-12-01,2021,12,Fathom Events,Concert/Performance,15744393,1316421
2021,61,Chaos Walking,2021-03-05,2021,3,Lionsgate,Action,15626684,1306579
2021,62,American Underdog: The Kurt W…,2021-12-25,2021,12,Lionsgate,Drama,14363290,1200944
2021,63,The Last Duel,2021-10-15,2021,10,20th Century Studios,Drama,12764325,1067251
2021,64,Antlers,2021-10-29,2021,10,Searchlight Pictures,Horror,12488815,1044215
2021,65,Cry Macho,2021-09-17,2021,9,Warner Bros.,Drama,12125504,1013838
2021,66,Monster Hunter,2020-12-18,2020,12,Sony Pictures,Action,11929503,997450
2021,67,Last Night in Soho,2021-10-29,2021,10,Focus Features,Thriller/Suspense,11910167,995833
2021,68,Boku no Hero Academia: World …,2021-10-29,2021,10,FUNimation,Adventure,11486830,960437
2021,69,News of the World,2020-12-25,2020,12,Universal,Western,10526629,880153
2021,70,The Many Saints of Newark,2021-10-01,2021,10,Warner Bros.,Drama,9687251,809971
2021,71,Dazed and Confused,1993-09-24,1993,9,Universal,Comedy,9324259,779620
2021,72,The Protégé,2021-08-20,2021,8,Lionsgate,Action,8757522,732234
2021,73,Those Who Wish Me Dead,2021-05-14,2021,5,Warner Bros.,Thriller/Suspense,8710925,728338
2021,74,The Night House,2021-08-20,2021,8,Searchlight Pictures,Horror,8350339,698189
2021,75,Spencer,2021-11-05,2021,11,Neon,Drama,8333935,696817
2021,76,Belfast,2021-11-12,2021,11,Focus Features,Drama,8097902,677082
2021,77,Nightmare Alley,2021-12-17,2021,12,Searchlight Pictures,Thriller/Suspense,8088937,676333
2021,78,Ironbark,2021-03-19,2021,3,Roadside Attractions,Thriller/Suspense,7777448,650288
2021,79,Judas and the Black Messiah,2021-02-12,2021,2,Warner Bros.,Drama,6442182,538644
2021,80,Licorice Pizza,2021-11-26,2021,11,United Artists,Drama,6402362,535315
2021,81,Roadrunner: A Film About Anth…,2021-07-16,2021,7,Focus Features,Documentary,6297487,526546
2021,82,Promising Young Woman,2020-12-25,2020,12,Focus Features,Black Comedy,6177316,516498
2021,83,CopShop,2021-09-17,2021,9,Open Road,Action,6130815,512610
2021,84,Zola,2021-06-30,2021,6,A24,Black Comedy,5697051,476342
2021,85,Separation,2021-04-30,2021,4,Open Road,Horror,5302788,443377
2021,86,Boogie,2021-03-05,2021,3,Focus Features,Drama,4914090,410877
2021,87,A Journal for Jordan,2021-12-10,2021,12,Sony Pictures,Drama,4593391,384063
2021,88,Reminiscence,2021-08-20,2021,8,Warner Bros.,Thriller/Suspense,4586658,383500
2021,89,12 Mighty Orphans,2021-06-11,2021,6,Sony Pictures Cla…,Drama,4337967,362706
2021,90,Fatale,2020-12-18,2020,12,Lionsgate,Thriller/Suspense,3783456,316342
2021,91,Pig,2021-07-16,2021,7,Neon,Drama,3747545,313340
2021,92,The Girl Who Believes In Mira…,2021-04-02,2021,4,Atlas Distribution,Drama,3720139,311048
2021,93,Voyagers,2021-04-09,2021,4,Lionsgate,Thriller/Suspense,3704348,309728
2021,94,Minari,2020-12-11,2020,12,A24,Drama,3486647,291526
2021,95,Dream Horse,2021-05-21,2021,5,Bleecker Street,Drama,3426097,286463
2021,96,The House Next Door: Meet the…,2021-06-11,2021,6,HEFG Releasing,Comedy,3402967,284529
2021,97,Here Today,2021-05-07,2021,5,Sony Pictures,Comedy,3301635,276056
2021,98,Finding You,2021-05-14,2021,5,Roadside Attractions,Drama,3238708,270795
2021,99,Lamb,2021-10-08,2021,10,A24,Horror,3147479,263167
2021,100,The Card Counter,2021-09-10,2021,9,Focus Features,Thriller/Suspense,3119143,260798
2022,1,Top Gun: Maverick,2022-05-27,2022,5,Paramount Pictures,Action,816338513,68255728
2022,2,Black Panther: Wakanda Forever,2022-11-11,2022,11,Walt Disney,Action,495777376,41452958
2022,3,Doctor Strange in the Multive…,2022-05-06,2022,5,Walt Disney,Action,467191455,39062831
2022,4,Avatar: The Way of Water,2022-12-16,2022,12,20th Century Studios,Action,455465772,38082422
2022,5,Jurassic World: Dominion,2022-06-10,2022,6,Universal,Action,428028387,35788327
2022,6,Minions: The Rise of Gru,2022-07-01,2022,7,Universal,Adventure,419900732,35108757
2022,7,The Batman,2022-03-01,2022,3,Warner Bros.,Action,419503625,35075554
2022,8,Thor: Love and Thunder,2022-07-08,2022,7,Walt Disney,Action,389871955,32597990
2022,9,Spider-Man: No Way Home,2021-12-17,2021,12,Sony Pictures,Action,273876391,22899364
2022,10,Sonic the Hedgehog 2,2022-04-08,2022,4,Paramount Pictures,Adventure,216793916,18126582
2022,11,Black Adam,2022-10-21,2022,10,Warner Bros.,Action,190876417,15959567
2022,12,Elvis,2022-06-24,2022,6,Warner Bros.,Drama,171551659,14343784
2022,13,Uncharted,2022-02-18,2022,2,Sony Pictures,Adventure,168835697,14116697
2022,14,Nope,2022-07-22,2022,7,Universal,Horror,140018412,11707225
2022,15,Lightyear,2022-06-17,2022,6,Walt Disney,Adventure,134373596,11235251
2022,16,Smile,2022-09-30,2022,9,Paramount Pictures,Horror,120321289,10060308
2022,17,The Lost City,2022-03-25,2022,3,Paramount Pictures,Adventure,119650008,10004181
2022,18,Bullet Train,2022-08-05,2022,8,Sony Pictures,Thriller/Suspense,117406313,9816581
2022,19,The Bad Guys,2022-04-22,2022,4,Universal,Comedy,110438197,9233963
2022,20,Fantastic Beasts: The Secrets…,2022-04-15,2022,4,Warner Bros.,Adventure,108867625,9102644
2022,21,DC League of Super Pets,2022-07-29,2022,7,Warner Bros.,Adventure,106375985,8894313
2022,22,Where the Crawdads Sing,2022-07-15,2022,7,Sony Pictures,Drama,102484320,8568923
2022,23,The Black Phone,2022-06-24,2022,6,Universal,Horror,102362187,8558711
2022,24,Sing 2,2021-12-22,2021,12,Universal,Musical,98028652,8196376
2022,25,Scream,2022-01-14,2022,1,Paramount Pictures,Horror,92728509,7753220
2022,26,Morbius,2022-04-01,2022,4,Sony Pictures,Action,83896651,7014770
2022,27,Everything Everywhere All At …,2022-03-25,2022,3,A24,Action,79515933,6648489
2022,28,Ticket to Paradise,2022-10-21,2022,10,Universal,Romantic Comedy,77468271,6477280
2022,29,The Woman King,2022-09-16,2022,9,Sony Pictures,Action,76301243,6379703
2022,30,Halloween Ends,2022-10-14,2022,10,Universal,Horror,72782063,6085457
2022,31,Dog,2022-02-18,2022,2,United Artists,Drama,70167683,5866863
2022,32,jackass forever,2022-02-04,2022,2,Paramount Pictures,Reality,65585154,5483709
2022,33,Puss in Boots: The Last Wish,2022-12-21,2022,12,Universal,Adventure,63224620,5286340
2022,34,Violent Night,2022-12-02,2022,12,Universal,Comedy,53131079,4442398
2022,35,"Lyle, Lyle, Crocodile",2022-10-07,2022,10,Sony Pictures,Musical,53045543,4435246
2022,36,Death on the Nile,2022-02-11,2022,2,20th Century Studios,Drama,51826785,4333343
2022,37,Don’t Worry Darling,2022-09-23,2022,9,Warner Bros.,Thriller/Suspense,51462532,4302887
2022,38,Downton Abbey: A New Era,2022-05-20,2022,5,Focus Features,Drama,50136081,4191980
2022,39,Barbarian,2022-09-09,2022,9,20th Century Studios,Horror,46389517,3878722
2022,40,Strange World,2022-11-23,2022,11,Walt Disney,Adventure,41853099,3499423
2022,41,The Menu,2022-11-18,2022,11,Searchlight Pictures,Black Comedy,40572626,3392360
2022,42,The Northman,2022-04-22,2022,4,Focus Features,Action,38882051,3251008
2022,43,Jujutsu Kaisen 0,2022-03-18,2022,3,FUNimation,Action,38525971,3221235
2022,44,Dragon Ball Super: Super Hero…,2022-08-19,2022,8,Crunchyroll,Action,36496030,3051508
2022,45,The Bob’s Burgers Movie,2022-05-27,2022,5,20th Century Studios,Comedy,36270523,3032652
2022,46,Beast,2022-08-19,2022,8,Universal,Thriller/Suspense,36171367,3024362
2022,47,The Invitation,2022-08-26,2022,8,Sony Pictures,Horror,28508733,2383673
2022,48,Avatar,2009-12-18,2009,12,20th Century Studios,Action,28070249,2347011
2022,49,Ambulance,2022-04-08,2022,4,Universal,Thriller/Suspense,25874847,2163449
2022,50,Marry Me,2022-02-11,2022,2,Universal,Romantic Comedy,25485340,2130881
2022,51,Father Stu,2022-04-13,2022,4,Sony Pictures,Drama,23961659,2003483
2022,52,The King’s Man,2021-12-22,2021,12,20th Century Studios,Action,23758317,1986481
2022,53,The Unbearable Weight of Mass…,2022-04-22,2022,4,Lionsgate,Action,23056968,1927840
2022,54,Devotion,2022-11-23,2022,11,Sony Pictures,Action,22531984,1883945
2022,55,Prey for the Devil,2022-10-28,2022,10,Lionsgate,Horror,22491493,1880560
2022,56,Moonfall,2022-02-04,2022,2,Lionsgate,Action,21649145,1810129
2022,57,Paws of Fury: The Legend of H…,2022-07-15,2022,7,Paramount Pictures,Adventure,20230212,1691489
2022,58,Glass Onion: A Knives Out Mys…,2022-11-23,2022,11,Netflix,Drama,17037037,1424501
2022,59,Amsterdam,2022-10-07,2022,10,20th Century Studios,Comedy,16977940,1419560
2022,60,The Chosen Season 3: Episodes…,2022-11-18,2022,11,Fathom Events,Drama,16596447,1387663
2022,61,The 355,2022-01-07,2022,1,Universal,Thriller/Suspense,16549159,1383709
2022,62,American Underdog: The Kurt W…,2021-12-25,2021,12,Lionsgate,Drama,16243354,1358140
2022,63,RRR,2022-03-24,2022,3,Sarigama Cinemas,Action,15822762,1322973
2022,64,Whitney Houston: I Wanna Danc…,2022-12-23,2022,12,Sony Pictures,Drama,15057235,1258966
2022,65,Easter Sunday,2022-08-05,2022,8,Universal,Comedy,14780981,1235868
2022,66,One Piece Film: Red,2022-11-04,2022,11,Crunchyroll,Action,14502009,1212543
2022,67,Jaws,1975-06-20,1975,6,Universal,Thriller/Suspense,13921571,1164011
2022,68,Licorice Pizza,2021-11-26,2021,11,United Artists,Drama,13486357,1127622
2022,69,The Fabelmans,2022-11-11,2022,11,Universal,Drama,13410868,1121310
2022,70,X,2022-03-18,2022,3,A24,Horror,13367792,1117708
2022,71,Bros,2022-09-30,2022,9,Universal,Romantic Comedy,13207299,1104289
2022,72,Terrifier 2,2022-10-06,2022,10,Iconic/Cineverse,Horror,12085058,1010456
2022,73,Mrs. Harris Goes to Paris,2022-07-15,2022,7,Focus Features,Drama,11850866,990875
2022,74,West Side Story,2021-12-10,2021,12,20th Century Studios,Musical,11768133,983958
2022,75,Firestarter,2022-05-13,2022,5,Universal,Horror,11061864,924905
2022,76,Blacklight,2022-02-11,2022,2,Briarcliff Entertainment,Action,10893588,910835
2022,77,See How They Run,2022-09-16,2022,9,Searchlight Pictures,Comedy,10888072,910374
2022,78,The Matrix Resurrections,2021-12-22,2021,12,Warner Bros.,Action,10849379,907139
2022,79,Pearl,2022-09-16,2022,9,A24,Horror,10703172,894914
2022,80,Redeeming Love,2022-01-21,2022,1,Universal,Drama,10465307,875026
2022,81,Babylon,2022-12-23,2022,12,Paramount Pictures,Drama,10316377,862573
2022,82,The Banshees of Inisherin,2022-10-21,2022,10,Searchlight Pictures,Drama,10252849,857262
2022,83,Till,2022-10-14,2022,10,United Artists,Drama,10222452,854720
2022,84,Three Thousand Years of Longi…,2022-08-26,2022,8,United Artists,Drama,9412101,786965
2022,85,Brahmastra Part 1: Shiva,2022-09-09,2022,9,Fox Star India,Adventure,8903678,744455
2022,86,Bones and All,2022-11-18,2022,11,United Artists,Thriller/Suspense,8898907,744056
2022,87,Men,2022-05-20,2022,5,A24,Horror,8618302,720594
2022,88,Memory,2022-04-29,2022,4,Open Road,Action,8324345,696015
2022,89,Fall,2022-08-12,2022,8,Lionsgate,Thriller/Suspense,8223802,687609
2022,90,Ghostbusters: Afterlife,2021-11-19,2021,11,Sony Pictures,Comedy,7929736,663021
2022,91,BTS Permission to Dance on St…,2022-03-12,2022,3,Trafalgar Releasing Ltd,Concert/Performance,7768889,649573
2022,92,K.G.F: Chapter 2,2022-04-14,2022,4,Viva Entertainment,Action,7501478,627214
2022,93,Marcel the Shell with Shoes On,2022-06-24,2022,6,A24,Comedy,7193836,601491
2022,94,She Said,2022-11-18,2022,11,Universal,Drama,6617180,553276
2022,95,It’s a Wonderful Life,1946-12-20,1946,12,Fathom Events,Drama,6357871,531595
2022,96,TÁR,2022-10-07,2022,10,Focus Features,Drama,6337522,529893
2022,97,I Heard the Bells,2022-12-01,2022,12,Fathom Events,Drama,6318836,528331
2022,98,Encanto,2021-11-24,2021,11,Walt Disney,Adventure,6207493,519021
2022,99,Orphan: First Kill,2022-08-19,2022,8,Paramount Pictures,Horror,6148357,514077
2022,100,House of Gucci,2021-11-24,2021,11,United Artists,Drama,6124333,512068
2023,1,Barbie,2023-07-21,2023,7,Warner Bros.,Comedy,695545042,58155940
2023,2,The Super Mario Bros. Movie,2023-04-05,2023,4,Universal,Adventure,628538810,52553412
2023,3,Spider-Man: Across the Spider…,2023-06-02,2023,6,Sony Pictures,Adventure,416863197,34854782
2023,4,Guardians of the Galaxy Vol 3,2023-05-05,2023,5,Walt Disney,Action,392467088,32814974
2023,5,Oppenheimer,2023-07-21,2023,7,Universal,Drama,356505702,29808169
2023,6,The Little Mermaid,2023-05-26,2023,5,Walt Disney,Musical,325972376,27255215
2023,7,Avatar: The Way of Water,2022-12-16,2022,12,20th Century Studios,Action,309459926,25874576
2023,8,Ant-Man and the Wasp: Quantum…,2023-02-17,2023,2,Walt Disney,Action,234504453,19607396
2023,9,John Wick: Chapter 4,2023-03-24,2023,3,Lionsgate,Action,204579196,17105284
2023,10,Sound of Freedom,2023-07-04,2023,7,Angel Studios,Thriller/Suspense,201350039,16835288
2023,11,TAYLOR SWIFT | THE ERAS TOUR,2023-10-13,2023,10,AMC Theatres Distribution,Concert/Performance,197395513,16504642
2023,12,Indiana Jones and the Dial of…,2023-06-30,2023,6,Walt Disney,Adventure,190748300,15948854
2023,13,Mission: Impossible Dead Reck…,2023-07-12,2023,7,Paramount Pictures,Action,188737305,15780711
2023,14,The Hunger Games: The Ballad …,2023-11-17,2023,11,Lionsgate,Action,174611217,14599600
2023,15,Transformers: Rise of the Bea…,2023-06-09,2023,6,Paramount Pictures,Action,172011638,14382244
2023,16,Creed III,2023-03-03,2023,3,MGM,Drama,170816585,14282323
2023,17,Elemental,2023-06-16,2023,6,Walt Disney,Adventure,168824799,14115786
2023,18,Fast X,2023-05-19,2023,5,Universal,Action,159750196,13357040
2023,19,Five Nights at Freddy’s,2023-10-27,2023,10,Universal,Horror,150074627,12548046
2023,20,Wonka,2023-12-15,2023,12,Warner Bros.,Musical,145542379,12169095
2023,21,Puss in Boots: The Last Wish,2022-12-21,2022,12,Universal,Adventure,142585699,11921881
2023,22,Teenage Mutant Ninja Turtles:…,2023-08-02,2023,8,Paramount Pictures,Action,129767391,10850116
2023,23,Scream VI,2023-03-10,2023,3,Paramount Pictures,Horror,118497042,9907779
2023,24,The Flash,2023-06-16,2023,6,Warner Bros.,Action,118252594,9887341
2023,25,Trolls Band Together,2023-11-17,2023,11,Universal,Adventure,106634447,8915924
2023,26,M3GAN,2023-01-06,2023,1,Universal,Horror,104031234,8698264
2023,27,Dungeons & Dragons: Honor Amo…,2023-03-31,2023,3,Paramount Pictures,Adventure,102271829,8551156
2023,28,The Equalizer 3,2023-09-01,2023,9,Sony Pictures,Action,100986295,8443670
2023,29,The Nun II,2023-09-08,2023,9,Warner Bros.,Horror,94314100,7885794
2023,30,The Marvels,2023-11-10,2023,11,Walt Disney,Adventure,92355639,7722043
2023,31,Meg 2: The Trench,2023-08-04,2023,8,Warner Bros.,Action,90337393,7553294
2023,32,Insidious: The Red Door,2023-07-07,2023,7,Sony Pictures,Horror,89816935,7509777
2023,33,Aquaman and the Lost Kingdom,2023-12-22,2023,12,Warner Bros.,Action,83599430,6989919
2023,34,Blue Beetle,2023-08-18,2023,8,Warner Bros.,Action,79304968,6630850
2023,35,Haunted Mansion,2023-07-28,2023,7,Walt Disney,Comedy,73960997,6184030
2023,36,Evil Dead Rise,2023-04-21,2023,4,Warner Bros.,Horror,73636399,6156890
2023,37,Killers of the Flower Moon,2023-10-20,2023,10,Paramount Pictures,Western,73566202,6151020
2023,38,The Exorcist: Believer,2023-10-06,2023,10,Universal,Horror,71647829,5990621
2023,39,PAW Patrol: The Mighty Movie,2023-09-29,2023,9,Paramount Pictures,Adventure,71435647,5972880
2023,40,Cocaine Bear,2023-02-24,2023,2,Universal,Black Comedy,70699824,5911356
2023,41,A Man Called Otto,2023-01-06,2023,1,Sony Pictures,Comedy,70216742,5870965
2023,42,Wish,2023-11-22,2023,11,Walt Disney,Adventure,66260091,5540141
2023,43,Napoleon,2023-11-22,2023,11,Sony Pictures,Drama,66178040,5533281
2023,44,Shazam! Fury of the Gods,2023-03-17,2023,3,Warner Bros.,Action,63103561,5276217
2023,45,Migration,2023-12-22,2023,12,Universal,Adventure,59148382,4945517
2023,46,Saw X,2023-09-29,2023,9,Lionsgate,Horror,58606075,4900173
2023,47,AIR,2023-04-05,2023,4,Amazon Studios,Drama,57351268,4795256
2023,48,Jesus Revolution,2023-02-24,2023,2,Lionsgate,Drama,56960852,4762613
2023,49,No Hard Feelings,2023-06-23,2023,6,Sony Pictures,Romantic Comedy,55156242,4611726
2023,50,Talk To Me,2023-07-28,2023,7,A24,Horror,52802674,4414939
2023,51,Godzilla Minus One (ゴジラ最…,2023-12-01,2023,12,Toho International,Action,49830140,4166400
2023,52,Gran Turismo: Based on a True…,2023-08-25,2023,8,Sony Pictures,Action,48570887,4061111
2023,53,The Color Purple,2023-12-25,2023,12,Warner Bros.,Musical,48154461,4026293
2023,54,The Boogeyman,2023-06-02,2023,6,20th Century Studios,Horror,47276199,3952859
2023,55,A Haunting in Venice,2023-09-15,2023,9,20th Century Studios,Thriller/Suspense,46431269,3882213
2023,56,The Creator,2023-09-29,2023,9,20th Century Studios,Thriller/Suspense,44576340,3727119
2023,57,80 for Brady,2023-02-03,2023,2,Paramount Pictures,Comedy,43126541,3605898
2023,58,The Boy and the Heron (君たち…,2023-12-08,2023,12,GKIDS,Adventure,39188738,3276650
2023,59,Knock at the Cabin,2023-02-03,2023,2,Universal,Thriller/Suspense,38698340,3235647
2023,60,RENAISSANCE: A FILM BY BEYONCÉ,2023-12-01,2023,12,AMC Theatres Distribution,Concert/Performance,36320982,3036871
2023,61,Missing,2023-01-20,2023,1,Sony Pictures,Thriller/Suspense,35532378,2970935
2023,62,Plane,2023-01-13,2023,1,Lionsgate,Action,35105094,2935209
2023,63,65,2023-03-10,2023,3,Sony Pictures,Thriller/Suspense,35052206,2930786
2023,64,Thanksgiving,2023-11-17,2023,11,Sony Pictures,Horror,34765745,2906835
2023,65,My Big Fat Greek Wedding 3,2023-09-08,2023,9,Focus Features,Romantic Comedy,31152881,2604756
2023,66,Asteroid City,2023-06-16,2023,6,Focus Features,Comedy,30777896,2573403
2023,67,Magic Mike’s Last Dance,2023-02-10,2023,2,Warner Bros.,Comedy,28460900,2379674
2023,68,Anyone But You,2023-12-22,2023,12,Sony Pictures,Romantic Comedy,27153119,2270328
2023,69,Strays,2023-08-18,2023,8,Universal,Comedy,26225509,2192768
2023,70,The Boys in the Boat,2023-12-25,2023,12,Amazon MGM Studios,Drama,24049518,2010829
2023,71,Priscilla,2023-10-27,2023,10,A24,Drama,22810267,1907213
2023,72,"Are You There God? It’s Me, M…",2023-04-28,2023,4,Lionsgate,Comedy,22271844,1862194
2023,73,The Pope’s Exorcist,2023-04-14,2023,4,Sony Pictures,Horror,21874971,1829011
2023,74,The Holdovers,2023-10-27,2023,10,Focus Features,Comedy,19906354,1664411
2023,75,The Blackening,2023-06-16,2023,6,Lionsgate,Horror,19358153,1618575
2023,76,Book Club: The Next Chapter,2023-05-12,2023,5,Focus Features,Romantic Comedy,19220797,1607090
2023,77,Pathaan,2023-01-25,2023,1,Yash Raj Films,Thriller/Suspense,19117935,1598490
2023,78,Black Panther: Wakanda Forever,2022-11-11,2022,11,Walt Disney,Action,18945136,1584041
2023,79,Renfield,2023-04-14,2023,4,Universal,Comedy,18910679,1581160
2023,80,The Blind,2023-09-28,2023,9,Fathom Events,Drama,18875249,1578198
2023,81,Demon Slayer: Kimetsu No Yaib…,2023-03-03,2023,3,Crunchyroll,Adventure,18525345,1548942
2023,82,Guy Ritchie’s The Covenant,2023-04-21,2023,4,MGM,Action,18517271,1548267
2023,83,Expend4bles,2023-09-22,2023,9,Lionsgate,Action,18268138,1527436
2023,84,Champions,2023-03-10,2023,3,Focus Features,Comedy,17926154,1498842
2023,85,The Iron Claw,2023-12-22,2023,12,A24,Drama,17453425,1459316
2023,86,"Ruby Gillman, Teenage Kraken",2023-06-30,2023,6,Universal,Comedy,17222400,1440000
2023,87,Jawan,2023-09-07,2023,9,Yash Raj Films,Action,16615578,1389262
2023,88,Titanic,1997-12-19,1997,12,Paramount Pictures,Drama,16503564,1379897
2023,89,Animal,2023-12-01,2023,12,Moksha Movies,Action,16147813,1350152
2023,90,Dumb Money,2023-09-15,2023,9,Sony Pictures,Comedy,15217279,1272348
2023,91,The Last Voyage of the Demeter,2023-08-11,2023,8,Universal,Horror,14908654,1246543
2023,92,Joy Ride,2023-07-07,2023,7,Lionsgate,Comedy,14100325,1178957
2023,93,Jurassic Park,1993-06-11,1993,6,Universal,Adventure,14082184,1177440
2023,94,The Whale,2022-12-21,2022,12,A24,Drama,13249192,1107792
2023,95,About My Father,2023-05-26,2023,5,Lionsgate,Comedy,13216555,1105063
2023,96,His Only Son,2023-03-31,2023,3,Angel Studios,Drama,13210754,1104578
2023,97,Bottoms,2023-08-25,2023,8,MGM,Comedy,13158264,1100189
2023,98,The Shift,2023-12-01,2023,12,Angel Studios,Thriller/Suspense,13037093,1090058
2023,99,After Death,2023-10-27,2023,10,Angel Studios,Documentary,12547747,1049143
2023,100,Saltburn,2023-11-17,2023,11,Amazon MGM Studios,Thriller/Suspense,12306022,1028932
2024,1,Inside Out 2,2024-06-14,2024,6,Walt Disney,Adventure,690507791,57734765
2024,2,Deadpool & Wolverine,2024-07-26,2024,7,Walt Disney,Action,673340448,56299369
2024,3,Wicked,2024-11-22,2024,11,Universal,Musical,457825083,38279689
2024,4,Moana 2,2024-11-27,2024,11,Walt Disney,Musical,427236885,35722148
2024,5,Despicable Me 4,2024-07-03,2024,7,Universal,Adventure,381751573,31919028
2024,6,Beetlejuice Beetlejuice,2024-09-06,2024,9,Warner Bros.,Comedy,311002759,26003575
2024,7,Dune: Part Two,2024-03-01,2024,3,Warner Bros.,Action,298956712,24996381
2024,8,Twisters,2024-07-19,2024,7,Universal,Thriller/Suspense,283150901,23674824
2024,9,Godzilla x Kong: The New Empi…,2024-03-29,2024,3,Warner Bros.,Action,208115990,17401002
2024,10,Kung Fu Panda 4,2024-03-08,2024,3,Universal,Comedy,204716518,17116766
2024,11,Bad Boys: Ride or Die,2024-06-07,2024,6,Sony Pictures,Action,204698115,17115227
2024,12,Kingdom of the Planet of the …,2024-05-10,2024,5,20th Century Studios,Action,180965232,15130872
2024,13,Gladiator II,2024-11-22,2024,11,Paramount Pictures,Action,174012100,14549507
2024,14,Sonic the Hedgehog 3,2024-12-20,2024,12,Paramount Pictures,Adventure,160269175,13400433
2024,15,It Ends With Us,2024-08-09,2024,8,Sony Pictures,Drama,157053799,13131589
2024,16,The Wild Robot,2024-09-27,2024,9,Universal,Adventure,151419781,12660517
2024,17,Venom: The Last Dance,2024-10-25,2024,10,Sony Pictures,Action,147764246,12354870
2024,18,A Quiet Place: Day One,2024-06-28,2024,6,Paramount Pictures,Horror,147043372,12294596
2024,19,Mufasa: The Lion King,2024-12-20,2024,12,Walt Disney,Musical,135508540,11330145
2024,20,Ghostbusters: Frozen Empire,2024-03-22,2024,3,Sony Pictures,Comedy,119892486,10024455
2024,21,IF,2024-05-17,2024,5,Paramount Pictures,Comedy,117776833,9847561
2024,22,Alien: Romulus,2024-08-16,2024,8,20th Century Studios,Horror,111365567,9311502
2024,23,Bob Marley: One Love,2024-02-14,2024,2,Paramount Pictures,Drama,102554849,8574820
2024,24,Red One,2024-11-15,2024,11,Amazon MGM Studios,Action,102369437,8559318
2024,25,The Fall Guy,2024-05-03,2024,5,Universal,Action,98239456,8214001
2024,26,The Garfield Movie,2024-05-24,2024,5,Sony Pictures,Adventure,97241406,8130552
2024,27,Wonka,2023-12-15,2023,12,Warner Bros.,Musical,90362942,7555430
2024,28,Longlegs,2024-07-12,2024,7,Neon,Horror,78618907,6573487
2024,29,Migration,2023-12-22,2023,12,Universal,Adventure,77752610,6501054
2024,30,Mean Girls,2024-01-12,2024,1,Paramount Pictures,Musical,76753136,6417486
2024,31,Smile 2,2024-10-18,2024,10,Paramount Pictures,Horror,72978827,6101909
2024,32,Civil War,2024-04-12,2024,4,A24,Action,72709122,6079358
2024,33,Furiosa: A Mad Max Saga,2024-05-24,2024,5,Warner Bros.,Action,71471888,5975910
2024,34,The Beekeeper,2024-01-12,2024,1,Amazon MGM Studios,Action,70026313,5855043
2024,35,Anyone But You,2023-12-22,2023,12,Sony Pictures,Romantic Comedy,67130690,5612934
2024,36,Transformers One,2024-09-20,2024,9,Paramount Pictures,Adventure,62494882,5225325
2024,37,Joker: Folie à Deux,2024-10-04,2024,10,Warner Bros.,Thriller/Suspense,61650878,5154756
2024,38,Terrifier 3,2024-10-11,2024,10,Iconic/Cineverse,Horror,57083431,4772862
2024,39,Challengers,2024-04-26,2024,4,Amazon MGM Studios,Drama,52999834,4431424
2024,40,Nosferatu,2024-12-25,2024,12,Focus Features,Horror,50885533,4254643
2024,41,Aquaman and the Lost Kingdom,2023-12-22,2023,12,Warner Bros.,Action,50770795,4245050
2024,42,Argylle,2024-02-02,2024,2,Universal,Action,47805394,3997107
2024,43,Madame Web,2024-02-14,2024,2,Sony Pictures,Action,46335330,3874192
2024,44,Trap,2024-08-02,2024,8,Warner Bros.,Thriller/Suspense,45235745,3782253
2024,45,The Best Christmas Pageant Ev…,2024-11-08,2024,11,Lionsgate,Comedy,42090236,3519250
2024,46,Speak No Evil,2024-09-13,2024,9,Universal,Horror,39053915,3265378
2024,47,The Strangers: Chapter 1,2024-05-17,2024,5,Lionsgate,Horror,37225698,3112517
2024,48,Coraline,2009-02-06,2009,2,Fathom Events,Adventure,35558978,2973159
2024,49,Night Swim,2024-01-05,2024,1,Universal,Horror,34362254,2873098
2024,50,Conclave,2024-10-25,2024,10,Focus Features,Thriller/Suspense,33087964,2766552
2024,51,The Boys in the Boat,2023-12-25,2023,12,Amazon MGM Studios,Drama,32403916,2709358
2024,52,Reagan,2024-08-30,2024,8,ShowBiz Direct,Drama,31086631,2599217
2024,53,The Forge,2024-08-23,2024,8,Sony Pictures,Drama,30797404,2575034
2024,54,Horizon: An American Saga Cha…,2024-06-28,2024,6,Warner Bros.,Western,30704421,2567259
2024,55,A Complete Unknown,2024-12-25,2024,12,Searchlight Pictures,Drama,30139877,2520057
2024,56,Imaginary,2024-03-08,2024,3,Lionsgate,Horror,29618883,2476495
2024,57,Heretic,2024-11-08,2024,11,A24,Horror,29309090,2450593
2024,58,Abigail,2024-04-19,2024,4,Universal,Horror,27354154,2287137
2024,59,Monkey Man,2024-04-05,2024,4,Universal,Thriller/Suspense,26560458,2220774
2024,60,Arthur the King,2024-03-15,2024,3,Lionsgate,Adventure,26488604,2214766
2024,61,We Live in Time,2024-10-11,2024,10,A24,Drama,26108998,2183027
2024,62,Poor Things,2023-12-08,2023,12,Searchlight Pictures,Black Comedy,25651280,2144756
2024,63,Blink Twice,2024-08-23,2024,8,Amazon MGM Studios,Thriller/Suspense,24421142,2041902
2024,64,Kraven the Hunter,2024-12-13,2024,12,Sony Pictures,Action,23174984,1937708
2024,65,The Bikeriders,2024-06-21,2024,6,Focus Features,Drama,22996717,1922802
2024,66,The Ministry of Ungentlemanly…,2024-04-19,2024,4,Lionsgate,Action,21715228,1815655
2024,67,Fly Me to the Moon,2024-07-12,2024,7,Sony Pictures,Romantic Comedy,21712235,1815404
2024,68,Unsung Hero,2024-04-26,2024,4,Lionsgate,Drama,21503931,1797988
2024,69,The First Omen,2024-04-05,2024,4,20th Century Studios,Horror,21247561,1776552
2024,70,The Iron Claw,2023-12-22,2023,12,A24,Drama,20776039,1737127
2024,71,Cabrini,2024-03-08,2024,3,Angel Studios,Drama,20633522,1725211
2024,72,American Fiction,2023-12-15,2023,12,Amazon MGM Studios,Comedy,20560400,1719097
2024,73,Ordinary Angels,2024-02-23,2024,2,Lionsgate,Drama,20276399,1695351
2024,74,The Watchers,2024-06-07,2024,6,Warner Bros.,Horror,20265409,1694432
2024,75,Tarot,2024-05-03,2024,5,Sony Pictures,Horror,19849797,1659682
2024,76,Kalki 2898-AD,2024-06-27,2024,6,Prathyangira Cine…,Action,19340700,1617115
2024,77,Demon Slayer: Kimetsu no Yaib…,2024-02-23,2024,2,Crunchyroll,Action,18672466,1561243
2024,78,Harold and the Purple Crayon,2024-08-02,2024,8,Sony Pictures,Adventure,18654770,1559763
2024,79,The Color Purple,2023-12-25,2023,12,Warner Bros.,Musical,17523937,1465212
2024,80,The Substance,2024-09-20,2024,9,MUBI,Horror,17392287,1454205
2024,81,Immaculate,2024-03-22,2024,3,Neon,Horror,16571956,1385615
2024,82,Borderlands,2024-08-09,2024,8,Lionsgate,Action,16372477,1368936
2024,83,Interstellar,2014-11-05,2014,11,Paramount Pictures,Adventure,16081561,1344612
2024,84,MaXXXine,2024-07-05,2024,7,A24,Horror,15965313,1334892
2024,85,The Chosen: Season 4 Episodes…,2024-02-01,2024,2,Fathom Events,Drama,15237282,1274020
2024,86,Anora,2024-10-18,2024,10,Neon,Comedy,14959839,1250823
2024,87,Homestead,2024-12-20,2024,12,Angel Studios,Drama,14792776,1236854
2024,88,Star Wars Ep. I: The Phantom …,1999-05-19,1999,5,20th Century Studios,Adventure,13778844,1152077
2024,89,Pushpa: The Rule — Part 2,2024-12-05,2024,12,Prathyangira Cine…,Action,13747126,1149425
2024,90,Am I Racist?,2024-09-13,2024,9,SDG Releasing,Documentary,13019161,1088559
2024,91,Here,2024-11-01,2024,11,Sony Pictures,Drama,12940561,1081987
2024,92,Bonhoeffer: Pastor. Spy. Assa…,2024-11-22,2024,11,Angel Studios,Thriller/Suspense,12817657,1071710
2024,93,Sound of Hope: The Story of P…,2024-07-04,2024,7,Angel Studios,Drama,12316473,1029805
2024,94,Godzilla Minus One (ゴジラ最…,2023-12-01,2023,12,Toho International,Action,12228869,1022481
2024,95,The Boy and the Heron (君たち…,2023-12-08,2023,12,GKIDS,Adventure,11617709,971380
2024,96,Never Let Go,2024-09-20,2024,9,Lionsgate,Horror,10898411,911238
2024,97,Late Night with the Devil,2024-03-22,2024,3,IFC Films,Horror,10575770,884262
2024,98,Lisa Frankenstein,2024-02-09,2024,2,Focus Features,Comedy,10336026,864216
2024,99,Piece by Piece,2024-10-11,2024,10,Focus Features,Documentary,10317361,862656
2024,100,Saturday Night,2024-09-27,2024,9,Sony Pictures,Comedy,10057942,840965
2025,1,A Minecraft Movie,2025-04-04,2025,4,Warner Bros.,Adventure,424087780,35458844
2025,2,Lilo & Stitch,2025-05-23,2025,5,Walt Disney,Adventure,423778855,35433015
2025,3,Superman,2025-07-11,2025,7,Warner Bros.,Action,354223803,29617375
2025,4,Jurassic World Rebirth,2025-07-02,2025,7,Universal,Action,339640400,28398027
2025,5,Zootopia 2,2025-11-26,2025,11,Walt Disney,Adventure,337903155,28252772
2025,6,Wicked: For Good,2025-11-21,2025,11,Universal,Musical,335438675,28046712
2025,7,Sinners,2025-04-18,2025,4,Warner Bros.,Horror,279989632,23410504
2025,8,The Fantastic Four: First Ste…,2025-07-25,2025,7,Walt Disney,Action,274286610,22933663
2025,9,How to Train Your Dragon,2025-06-13,2025,6,Universal,Adventure,262958100,21986463
2025,10,Avatar: Fire and Ash,2025-12-19,2025,12,20th Century Studios,Action,250353869,20932598
2025,11,Captain America: Brave New Wo…,2025-02-14,2025,2,Walt Disney,Action,200500001,16764214
2025,12,Mission: Impossible—The Final…,2025-05-23,2025,5,Paramount Pictures,Action,197413515,16506147
2025,13,Thunderbolts*,2025-05-02,2025,5,Walt Disney,Action,190274328,15909225
2025,14,F1: The Movie,2025-06-27,2025,6,Warner Bros.,Action,189642436,15856391
2025,15,The Conjuring: Last Rites,2025-09-05,2025,9,Warner Bros.,Horror,177756445,14862579
2025,16,Weapons,2025-08-08,2025,8,Warner Bros.,Horror,151572492,12673285
2025,17,Final Destination: Bloodlines,2025-05-16,2025,5,Warner Bros.,Horror,138254739,11559761
2025,18,Demon Slayer -Kimetsu no Yaib…,2025-09-12,2025,9,Sony Pictures,Action,134487320,11244759
2025,19,Mufasa: The Lion King,2024-12-20,2024,12,Walt Disney,Musical,126423748,10570547
2025,20,Five Nights at Freddy’s 2,2025-12-05,2025,12,Universal,Horror,121680315,10173939
2025,21,Dog Man,2025-01-31,2025,1,Universal,Adventure,97970355,8191501
2025,22,Freakier Friday,2025-08-08,2025,8,Walt Disney,Comedy,94186236,7875103
2025,23,Predator: Badlands,2025-11-07,2025,11,20th Century Studios,Action,90958550,7605230
2025,24,Disney’s Snow White,2025-03-21,2025,3,Walt Disney,Musical,87203963,7291301
2025,25,Sonic the Hedgehog 3,2024-12-20,2024,12,Paramount Pictures,Adventure,84556206,7069917
2025,26,The Bad Guys 2,2025-08-01,2025,8,Universal,Comedy,82593605,6905820
2025,27,Black Phone 2,2025-10-17,2025,10,Universal,Horror,77378880,6469806
2025,28,Tron: Ares,2025-10-10,2025,10,Walt Disney,Action,73161014,6117142
2025,29,Elio,2025-06-20,2025,6,Walt Disney,Adventure,72987454,6102630
2025,30,One Battle After Another,2025-09-26,2025,9,Warner Bros.,Action,71530013,5980770
2025,31,28 Years Later,2025-06-20,2025,6,Sony Pictures,Horror,70446897,5890209
2025,32,The Accountant 2,2025-04-25,2025,4,Amazon MGM Studios,Thriller/Suspense,65523366,5478542
2025,33,Now You See Me: Now You Don’t,2025-11-14,2025,11,Lionsgate,Thriller/Suspense,61845680,5171043
2025,34,The King of Kings,2025-04-11,2025,4,Angel Studios,Drama,60270106,5039307
2025,35,David,2025-12-19,2025,12,Angel Studios,Musical,58582787,4898226
2025,36,From the World of John Wick: …,2025-06-06,2025,6,Lionsgate,Action,58051327,4853790
2025,37,Moana 2,2024-11-27,2024,11,Walt Disney,Musical,56387808,4714700
2025,38,The Housemaid,2025-12-19,2025,12,Lionsgate,Thriller/Suspense,56258635,4703899
2025,39,The Naked Gun,2025-08-01,2025,8,Paramount Pictures,Comedy,52647396,4401956
2025,40,Karate Kid: Legends,2025-05-30,2025,5,Sony Pictures,Drama,52547391,4393595
2025,41,One of Them Days,2025-01-17,2025,1,Sony Pictures,Comedy,50054690,4185175
2025,42,Regretting You,2025-10-24,2025,10,Paramount Pictures,Drama,48852948,4084695
2025,43,Nosferatu,2024-12-25,2024,12,Focus Features,Horror,47488220,3970587
2025,44,A Complete Unknown,2024-12-25,2024,12,Searchlight Pictures,Drama,46499880,3887950
2025,45,The SpongeBob Movie: Search f…,2025-12-19,2025,12,Paramount Pictures,Adventure,46339154,3874511
2025,46,Mickey 17,2025-03-07,2025,3,Warner Bros.,Black Comedy,46142263,3858049
2025,47,Paddington in Peru,2025-02-14,2025,2,Sony Pictures,Adventure,45770312,3826949
2025,48,Downton Abbey: The Grand Fina…,2025-09-12,2025,9,Focus Features,Drama,45185660,3778065
2025,49,Chainsaw Man — The Movie: Rez…,2025-10-24,2025,10,Sony Pictures,Action,43438461,3631978
2025,50,Wicked,2024-11-22,2024,11,Universal,Musical,42040690,3515108
2025,51,The Amateur,2025-04-11,2025,4,20th Century Studios,Thriller/Suspense,40759635,3407996
2025,52,The Monkey,2025-02-21,2025,2,Neon,Black Comedy,39724912,3321481
2025,53,Marty Supreme,2025-12-19,2025,12,A24,Drama,38991558,3260164
2025,54,The Running Man,2025-11-14,2025,11,Paramount Pictures,Thriller/Suspense,37815641,3161843
2025,55,A Working Man,2025-03-28,2025,3,Amazon MGM Studios,Action,37000711,3093705
2025,56,Materialists,2025-06-13,2025,6,A24,Romantic Comedy,36503614,3052142
2025,57,Den of Thieves 2: Pantera,2025-01-10,2025,1,Lionsgate,Action,36015016,3011289
2025,58,The Long Walk,2025-09-12,2025,9,Lionsgate,Thriller/Suspense,35163573,2940098
2025,59,Star Wars Ep. III: Revenge of…,2005-05-19,2005,5,20th Century Studios,Adventure,34107714,2851816
2025,60,Taylor Swift | The Official R…,2025-10-03,2025,10,AMC Theatres Distribution,Documentary,34062774,2848058
2025,61,I Know What You Did Last Summ…,2025-07-18,2025,7,Sony Pictures,Horror,32165634,2689434
2025,62,Gabby’s Dollhouse: The Movie,2025-09-26,2025,9,Universal,Musical,32011820,2676574
2025,63,Anaconda,2025-12-25,2025,12,Sony Pictures,Comedy,31775458,2656811
2025,64,Smurfs,2025-07-18,2025,7,Paramount Pictures,Adventure,31075170,2598258
2025,65,Heart Eyes,2025-02-07,2025,2,Sony Pictures,Horror,30415738,2543122
2025,66,Flight Risk,2025-01-24,2025,1,Lionsgate,Thriller/Suspense,29783527,2490261
2025,67,Warfare,2025-04-11,2025,4,A24,Drama,25782474,2155725
2025,68,Him,2025-09-19,2025,9,Universal,Horror,25009605,2091104
2025,69,KPop Demon Hunters,2025-06-20,2025,6,Netflix,Musical,24300000,2031773
2025,70,M3GAN 2.0,2025-06-27,2025,6,Universal,Horror,24101280,2015157
2025,71,Ne Zha 2 (哪吒之魔童闹海),2025-02-14,2025,2,,Action,23251218,1944082
2025,72,Roofman,2025-10-10,2025,10,Paramount Pictures,Black Comedy,22739882,1901328
2025,73,Springsteen: Deliver Me From …,2025-10-24,2025,10,20th Century Studios,Drama,22638297,1892834
2025,74,The Woman in the Yard,2025-03-28,2025,3,Universal,Horror,22405985,1873410
2025,75,Nobody 2,2025-08-15,2025,8,Universal,Thriller/Suspense,21604985,1806437
2025,76,Black Bag,2025-03-14,2025,3,Focus Features,Thriller/Suspense,21474035,1795488
2025,77,Together,2025-07-30,2025,7,Neon,Horror,21273161,1778692
2025,78,Last Breath,2025-02-28,2025,2,Focus Features,Thriller/Suspense,21051180,1760132
2025,79,Companion,2025-01-31,2025,1,Warner Bros.,Black Comedy,20869122,1744910
2025,80,Wolf Man,2025-01-17,2025,1,Universal,Horror,20707280,1731378
2025,81,The Chosen: Last Supper — Par…,2025-03-27,2025,3,Fathom Entertainment,Drama,20257290,1693753
2025,82,Until Dawn,2025-04-25,2025,4,Sony Pictures,Horror,20172192,1686638
2025,83,Novocaine,2025-03-14,2025,3,Paramount Pictures,Action,19861854,1660690
2025,84,The Phoenician Scheme,2025-05-30,2025,5,Focus Features,Black Comedy,19555015,1635035
2025,85,Bring Her Back,2025-05-30,2025,5,A24,Horror,19323752,1615698
2025,86,Caught Stealing,2025-08-29,2025,8,Sony Pictures,Thriller/Suspense,19005242,1589067
2025,87,Babygirl,2024-12-25,2024,12,A24,Thriller/Suspense,18988633,1587678
2025,88,Bugonia,2025-10-24,2025,10,Focus Features,Black Comedy,17692390,1479297
2025,89,Hamilton,2020-07-03,2020,7,Walt Disney,Musical,16946377,1416921
2025,90,Song Sung Blue,2025-12-25,2025,12,Focus Features,Drama,16899495,1413001
2025,91,Drop,2025-04-11,2025,4,Universal,Thriller/Suspense,16600805,1388027
2025,92,Good Fortune,2025-10-17,2025,10,Lionsgate,Comedy,16585758,1386769
2025,93,Jujutsu Kaisen: Execution,2025-12-05,2025,12,GKIDS,Action,16466509,1376798
2025,94,Friendship,2025-05-09,2025,5,A24,Black Comedy,16228274,1356879
2025,95,Eternity,2025-11-26,2025,11,A24,Romantic Comedy,15695142,1312303
2025,96,Love Hurts,2025-02-07,2025,2,Universal,Action,15683090,1311295
2025,97,The Brutalist,2024-12-20,2024,12,A24,Drama,15441733,1291115
2025,98,The Roses,2025-08-29,2025,8,Searchlight Pictures,Black Comedy,15298844,1279168
2025,99,The Last Rodeo,2025-05-23,2025,5,Angel Studios,Drama,15201662,1271042
2025,100,The Strangers: Chapter 2,2025-09-26,2025,9,Lionsgate,Horror,15153346,1267002
2026,1,Toy Story 5,2026-06-19,2026,6,Walt Disney,Adventure,436720018,36515052
2026,2,The Super Mario Galaxy Movie,2026-04-01,2026,4,Universal,Adventure,429814610,35937676
2026,3,Michael,2026-04-24,2026,4,Lionsgate,Drama,372283278,31127364
2026,4,Project Hail Mary,2026-03-20,2026,3,Amazon MGM Studios,Action,344050007,28766723
2026,5,Obsession,2026-05-15,2026,5,Focus Features,Horror,259556380,21702038
2026,6,The Devil Wears Prada 2,2026-05-01,2026,5,20th Century Studios,Drama,220551671,18440775
2026,7,Backrooms,2026-05-29,2026,5,A24,Horror,195963463,16384905
2026,8,The Odyssey,2026-07-17,2026,7,Universal,Adventure,181746315,15196180
2026,9,Star Wars: The Mandalorian an…,2026-05-22,2026,5,Walt Disney,Adventure,177581405,14847944
2026,10,Hoppers,2026-03-06,2026,3,Walt Disney,Adventure,166010783,13880500
2026,11,Avatar: Fire and Ash,2025-12-19,2025,12,20th Century Studios,Action,153986141,12875095
2026,12,Minions & Monsters,2026-07-01,2026,7,Universal,Adventure,143860945,12028507
2026,13,Scream 7,2026-02-27,2026,2,Paramount Pictures,Horror,121935967,10195315
2026,14,Disclosure Day,2026-06-12,2026,6,Universal,Thriller/Suspense,115212710,9633170
2026,15,Scary Movie,2026-06-05,2026,6,Paramount Pictures,Comedy,108072854,9036192
2026,16,GOAT,2026-02-13,2026,2,Sony Pictures,Comedy,103316898,8638537
2026,17,Zootopia 2,2025-11-26,2025,11,Walt Disney,Adventure,90227005,7544064
2026,18,Moana,2026-07-10,2026,7,Walt Disney,Musical,89793206,7507793
2026,19,“Wuthering Heights”,2026-02-13,2026,2,Warner Bros.,Drama,84001072,7023501
2026,20,Mortal Kombat II,2026-05-08,2026,5,Warner Bros.,Action,79770110,6669742
2026,21,Supergirl,2026-06-26,2026,6,Warner Bros.,Action,70684870,5910106
2026,22,The Housemaid,2025-12-19,2025,12,Lionsgate,Thriller/Suspense,70173827,5867377
2026,23,The Sheep Detectives,2026-05-08,2026,5,Amazon MGM Studios,Comedy,66078506,5524959
2026,24,Masters of the Universe,2026-06-05,2026,6,Amazon MGM Studios,Action,64778693,5416279
2026,25,Send Help,2026-01-30,2026,1,20th Century Studios,Thriller/Suspense,64734795,5412608
2026,26,Marty Supreme,2025-12-19,2025,12,A24,Drama,57056211,4770586
2026,27,Reminders of Him,2026-03-13,2026,3,Universal,Drama,48559430,4060153
2026,28,The Drama,2026-04-03,2026,4,A24,Drama,48062006,4018562
2026,29,Young Washington,2026-07-03,2026,7,Angel Studios,Drama,42411869,3546143
2026,30,Iron Lung,2026-01-30,2026,1,Markiplier Studios,Horror,41111208,3437392
2026,31,Crime 101,2026-02-13,2026,2,Amazon MGM Studios,Thriller/Suspense,36588336,3059225
2026,32,Anaconda,2025-12-25,2025,12,Sony Pictures,Comedy,33322690,2786178
2026,33,Lee Cronin’s The Mummy,2026-04-17,2026,4,Warner Bros.,Horror,29152113,2437468
2026,34,Dhurandhar: The Revenge,2026-03-19,2026,3,Moviegoers Entertainment,Action,28100759,2349562
2026,35,Evil Dead Burn,2026-07-10,2026,7,Warner Bros.,Horror,26023203,2175853
2026,36,Solo Mio,2026-02-06,2026,2,Angel Studios,Romantic Comedy,25736278,2151863
2026,37,Primate,2026-01-09,2026,1,Paramount Pictures,Horror,25635665,2143450
2026,38,28 Years Later: The Bone Temp…,2026-01-16,2026,1,Sony Pictures,Horror,25147583,2102641
2026,39,The Amazing Digital Circus: T…,2026-06-04,2026,6,Fathom Entertainment,Drama,24958833,2086859
2026,40,The SpongeBob Movie: Search f…,2025-12-19,2025,12,Paramount Pictures,Adventure,24729016,2067643
2026,41,Mercy,2026-01-23,2026,1,Amazon MGM Studios,Thriller/Suspense,24390303,2039323
2026,42,Ready or Not 2: Here I Come,2026-03-20,2026,3,Searchlight Pictures,Black Comedy,22986054,1921911
2026,43,Song Sung Blue,2025-12-25,2025,12,Focus Features,Drama,22285795,1863361
2026,44,David,2025-12-19,2025,12,Angel Studios,Musical,21799987,1822741
2026,45,The Breadwinner,2026-05-29,2026,5,Sony Pictures,Comedy,20247080,1692900
2026,46,undertone,2026-03-13,2026,3,A24,Horror,19971832,1669886
2026,47,"You, Me & Tuscany",2026-04-10,2026,4,Universal,Romantic Comedy,18723685,1565526
2026,48,I Can Only Imagine 2,2026-02-20,2026,2,Lionsgate,Drama,18588615,1554232
2026,49,Jackass: Best and Last,2026-06-26,2026,6,Paramount Pictures,Reality,18114225,1514567
2026,50,Passenger,2026-05-22,2026,5,Paramount Pictures,Horror,18041122,1508455
2026,51,Greenland 2: Migration,2026-01-09,2026,1,Lionsgate,Thriller/Suspense,17770308,1485812
2026,52,Hokum,2026-05-01,2026,5,Neon,Horror,17000014,1421406
2026,53,Melania,2026-01-30,2026,1,Amazon MGM Studios,Documentary,16357453,1367680
2026,54,Pressure,2026-05-29,2026,5,Focus Features,Drama,15569855,1301827
2026,55,The Invite,2026-06-26,2026,6,A24,Comedy,15017888,1255676
2026,56,EPiC: Elvis Presley in Concert,2026-02-20,2026,2,Neon,Documentary,13571883,1134773
2026,57,Hamnet,2025-11-26,2025,11,Focus Features,Drama,13310775,1112941
2026,58,Dracula: A Love Tale,2026-02-06,2026,2,Vertical Entertainment,Horror,13053400,1091421
2026,59,Shelter,2026-01-30,2026,1,Black Bear Pictures,Thriller/Suspense,12805541,1070697
2026,60,The Bride!,2026-03-06,2026,3,Warner Bros.,Horror,12744025,1065554
2026,61,They Will Kill You,2026-03-27,2026,3,Warner Bros.,Horror,10882152,909879
2026,62,Billie Eilish: Hit Me Hard an…,2026-05-08,2026,5,Paramount Pictures,Concert/Performance,9901485,827883
2026,63,I Love Boosters,2026-05-22,2026,5,Neon,Comedy,9743067,814638
2026,64,No Other Choice (어쩔수가없다),2025-12-25,2025,12,Neon,Black Comedy,9119051,762462
2026,65,The Strangers: Chapter 3,2026-02-06,2026,2,Lionsgate,Horror,8560986,715802
2026,66,"Good Luck, Have Fun, Don’t Die",2026-02-13,2026,2,Briarcliff Entertainment,Action,8431443,704970
2026,67,A Great Awakening,2026-04-03,2026,4,Roadside Attractions,Drama,8149028,681357
2026,68,How to Make a Killing,2026-02-20,2026,2,A24,Black Comedy,7851599,656488
2026,69,Wicked: For Good,2025-11-21,2025,11,Universal,Musical,7476415,625118
2026,70,Stray Kids: The DominATE expe…,2026-02-06,2026,2,Bleecker Street,Concert/Performance,7232819,604751
2026,71,Leviticus,2026-06-19,2026,6,Neon,Horror,7182491,600543
2026,72,Top Gun,1986-05-16,1986,5,Paramount Pictures,Action,6528326,545847
2026,73,The Furious (火遮眼),2026-06-12,2026,6,Lionsgate,Action,6502610,543696
2026,74,BTS World Tour Arirang: Live …,2026-04-11,2026,4,Trafalgar Releasing Ltd,Concert/Performance,6240000,521739
2026,75,Five Nights at Freddy’s 2,2025-12-05,2025,12,Universal,Horror,6049975,505851
2026,76,The Lord of the Rings: The Fe…,2001-12-19,2001,12,Fathom Events,Adventure,5887162,492238
2026,77,In the Grey,2026-05-15,2026,5,Black Bear Pictures,Action,5723890,478586
2026,78,Animal Farm,2026-05-01,2026,5,Angel Studios,Adventure,5576585,466270
2026,79,Return to Silent Hill,2026-01-23,2026,1,Iconic Releasing,Horror,5544971,463626
2026,80,Is This Thing On?,2025-12-19,2025,12,Searchlight Pictures,Drama,5489731,459008
2026,81,The Death of Robin Hood,2026-06-19,2026,6,A24,Action,5283790,441788
2026,82,Normal,2026-04-17,2026,4,Magnolia Pictures,Thriller/Suspense,5071290,424021
2026,83,Is God Is,2026-05-15,2026,5,Amazon MGM Studios,Thriller/Suspense,4945741,413523
2026,84,Tuner,2026-05-22,2026,5,Black Bear Pictures,Thriller/Suspense,4511186,377189
2026,85,Deep Water,2026-05-01,2026,5,Magenta Light Studio,Thriller/Suspense,4346226,363397
2026,86,The Lord of the Rings: The Tw…,2002-12-18,2002,12,Fathom Events,Adventure,4093642,342278
2026,87,Nirvanna the Band the Show th…,2026-02-13,2026,2,Neon,Comedy,4044418,338162
2026,88,Stop! That! Train!,2026-06-12,2026,6,Bleecker Street,Comedy,4027857,336777
2026,89,The Moment,2026-01-30,2026,1,A24,Comedy,3929912,328588
2026,90,Pillion,2026-02-06,2026,2,A24,Drama,3879285,324355
2026,91,Teenage Mutant Ninja Turtles …,1991-03-22,1991,3,Fathom Events,Action,3809242,318498
2026,92,2026 Oscar Shorts,2026-02-20,2026,2,Roadside Attractions,Multiple Genres,3754480,313920
2026,93,The Exit 8 (8番出口),2026-04-10,2026,4,Neon,Horror,3735090,312298
2026,94,We Bury the Dead,2026-01-02,2026,1,Vertical Entertainment,Thriller/Suspense,3711918,310361
2026,95,Twenty One Pilots: More Than …,2026-02-26,2026,2,Trafalgar Releasing Ltd,Concert/Performance,3700000,309365
2026,96,The Lord of the Rings: The Re…,2003-12-17,2003,12,Fathom Events,Adventure,3263609,272877
2026,97,Bendito Corazón,2026-02-06,2026,2,Million Dollar Cinema Studio,Drama,2997500,250627
2026,98,BLEACH: Thousand-Year Blood W…,2026-06-25,2026,6,Fathom Entertainment,Action,2954000,246990
2026,99,The Pout-Pout Fish,2026-03-20,2026,3,Viva Pictures,Adventure,2925502,244607
2026,100,Girls Like Girls,2026-06-19,2026,6,Focus Features,Drama,2735660,228734